,offset,limit,id,name,description,created,status,workflowStatusId,typeOfWorkId,url,projectName,customerName,workflowStatusName,typeOfWorkName,deadline,estimatedTime,customerId,projectId,canModify,canDelete
0,0,1000,309,STL Accounts,Business accounts processing,1586431780000,open,1,65,https://eu.actitime.com/stl-tech/tasks/tasklist.do?taskId=309,Finance,STL,New,STL Finances: Non-Billable,,,30,54,True,True
1,0,1000,310,Cashflow,Cashflow admin and reporting,1586431780000,open,1,65,https://eu.actitime.com/stl-tech/tasks/tasklist.do?taskId=310,Finance,STL,New,STL Finances: Non-Billable,,,30,54,True,True
2,0,1000,311,Payroll,"Collating data, processing and delivery",1586431780000,open,1,65,https://eu.actitime.com/stl-tech/tasks/tasklist.do?taskId=311,Finance,STL,New,STL Finances: Non-Billable,,,30,54,True,True
3,0,1000,312,"Business Management, Process Dev","Internal business development (processes, templates, ISO9000)",1586431780000,completed,2,57,https://eu.actitime.com/stl-tech/tasks/tasklist.do?taskId=312,Admin - Business Management,STL,Done,Business Management: Non-billable,,,30,55,True,True
4,0,1000,313,"Meetings - General, Board, Strategy","Business management, periodic meetings and prep time",1586431780000,completed,2,57,https://eu.actitime.com/stl-tech/tasks/tasklist.do?taskId=313,Admin - Business Management,STL,Done,Business Management: Non-billable,,,30,55,True,True
5,0,1000,314,Reports Forecasting & Planning,Business report creation and planning,1586431780000,completed,2,57,https://eu.actitime.com/stl-tech/tasks/tasklist.do?taskId=314,Admin - Business Management,STL,Done,Business Management: Non-billable,,,30,55,True,True
6,0,1000,315,"IS Systems - Software, Hardware",Internal systems development & support,1586431780000,completed,2,57,https://eu.actitime.com/stl-tech/tasks/tasklist.do?taskId=315,Admin - Business Management,STL,Done,Business Management: Non-billable,,,30,55,True,True
7,0,1000,316,Recruitment & Sub-Contract Admin,"General recruitment work, interviewing and assessment",1586431780000,completed,2,57,https://eu.actitime.com/stl-tech/tasks/tasklist.do?taskId=316,Admin - Business Management,STL,Done,Business Management: Non-billable,,,30,55,True,True
8,0,1000,317,Reports - General,General Status Reports and prep time,1586431780000,completed,2,57,https://eu.actitime.com/stl-tech/tasks/tasklist.do?taskId=317,Admin - Personal Admin,STL,Done,Business Management: Non-billable,,,30,56,True,True
9,0,1000,318,Non-chargable Meetings,Weekly internal meetings,1586431780000,completed,2,57,https://eu.actitime.com/stl-tech/tasks/tasklist.do?taskId=318,Admin - Personal Admin,STL,Done,Business Management: Non-billable,,,30,56,True,True
10,0,1000,319,Timesheets,Time recording,1586431780000,completed,2,67,https://eu.actitime.com/stl-tech/tasks/tasklist.do?taskId=319,Admin - Personal Admin,STL,Done,Personal Admin: Non-Billable,,,30,56,True,True
11,0,1000,320,"Misc. Admin Tasks, Personal System Admin",Unspecified or unsual events to be recoreded of time taken,1586431780000,completed,2,67,https://eu.actitime.com/stl-tech/tasks/tasklist.do?taskId=320,Admin - Personal Admin,STL,Done,Personal Admin: Non-Billable,,,30,56,True,True
12,0,1000,321,Conference or Event,Visiting an external venue or event,1586431780000,completed,2,57,https://eu.actitime.com/stl-tech/tasks/tasklist.do?taskId=321,Admin - Events,STL,Done,Business Management: Non-billable,,,30,57,True,True
13,0,1000,322,Trade Shows,All trade events where STL is presenting or exhibiting,1586431781000,completed,2,57,https://eu.actitime.com/stl-tech/tasks/tasklist.do?taskId=322,Admin - Events,STL,Done,Business Management: Non-billable,,,30,57,True,True
14,0,1000,323,Training Course,Specific business applicable development,1586431781000,completed,2,57,https://eu.actitime.com/stl-tech/tasks/tasklist.do?taskId=323,Admin - Events,STL,Done,Business Management: Non-billable,,,30,57,True,True
15,0,1000,324,Personal Development,Individual training and courses or events,1586431781000,completed,2,57,https://eu.actitime.com/stl-tech/tasks/tasklist.do?taskId=324,Admin - Events,STL,Done,Business Management: Non-billable,,,30,57,True,True
16,0,1000,325,New Proposals Creation,"Proposals creation,",1586431781000,completed,2,62,https://eu.actitime.com/stl-tech/tasks/tasklist.do?taskId=325,New Business Development (NBD),STL,Done,NBD: Non-Billable,,,30,58,True,True
17,0,1000,326,Client Meetings,"Meetings, setup and attendance",1586431781000,completed,2,62,https://eu.actitime.com/stl-tech/tasks/tasklist.do?taskId=326,New Business Development (NBD),STL,Done,NBD: Non-Billable,,,30,58,True,True
18,0,1000,327,Sales & Marketing,General Sales and marketing activities including content generation,1586431781000,completed,2,62,https://eu.actitime.com/stl-tech/tasks/tasklist.do?taskId=327,New Business Development (NBD),STL,Done,NBD: Non-Billable,,,30,58,True,True
19,0,1000,339,Business Development,,1586431917000,completed,2,60,https://eu.actitime.com/stl-tech/tasks/tasklist.do?taskId=339,QLM-4039-Splice,QLM,Done,Project Work: T&M Billable,,,33,61,False,False
20,0,1000,340,"Hardware Build, Test & Commissioning",,1586431917000,completed,2,60,https://eu.actitime.com/stl-tech/tasks/tasklist.do?taskId=340,QLM-4039-Splice,QLM,Done,Project Work: T&M Billable,,,33,61,False,False
21,0,1000,341,Hardware Design & Development,,1586431917000,completed,2,60,https://eu.actitime.com/stl-tech/tasks/tasklist.do?taskId=341,QLM-4039-Splice,QLM,Done,Project Work: T&M Billable,,,33,61,False,False
22,0,1000,342,Other,,1586431917000,completed,2,60,https://eu.actitime.com/stl-tech/tasks/tasklist.do?taskId=342,QLM-4039-Splice,QLM,Done,Project Work: T&M Billable,,,33,61,False,False
23,0,1000,343,"Procurement, Materials Management",,1586431917000,completed,2,60,https://eu.actitime.com/stl-tech/tasks/tasklist.do?taskId=343,QLM-4039-Splice,QLM,Done,Project Work: T&M Billable,,,33,61,False,False
24,0,1000,344,Project Management,,1586431917000,completed,2,60,https://eu.actitime.com/stl-tech/tasks/tasklist.do?taskId=344,QLM-4039-Splice,QLM,Done,Project Work: T&M Billable,,,33,61,False,False
25,0,1000,345,"Requirements, Specification",,1586431917000,completed,2,60,https://eu.actitime.com/stl-tech/tasks/tasklist.do?taskId=345,QLM-4039-Splice,QLM,Done,Project Work: T&M Billable,,,33,61,False,False
26,0,1000,346,Software Design & Development,,1586431917000,completed,2,60,https://eu.actitime.com/stl-tech/tasks/tasklist.do?taskId=346,QLM-4039-Splice,QLM,Done,Project Work: T&M Billable,,,33,61,False,False
27,0,1000,347,"Software Test, Integration & Debug",,1586431917000,completed,2,60,https://eu.actitime.com/stl-tech/tasks/tasklist.do?taskId=347,QLM-4039-Splice,QLM,Done,Project Work: T&M Billable,,,33,61,False,False
28,0,1000,348,Travel,,1586431917000,completed,2,60,https://eu.actitime.com/stl-tech/tasks/tasklist.do?taskId=348,QLM-4039-Splice,QLM,Done,Project Work: T&M Billable,,,33,61,False,False
29,0,1000,426,Business Development,,1589264904000,completed,2,46,https://eu.actitime.com/stl-tech/tasks/tasklist.do?taskId=426,QLM-3046-Yoda,QLM,Done,Projects,,,33,73,False,False
30,0,1000,427,"Hardware Build, Test & Commissioning",,1589264904000,completed,2,46,https://eu.actitime.com/stl-tech/tasks/tasklist.do?taskId=427,QLM-3046-Yoda,QLM,Done,Projects,,,33,73,False,False
31,0,1000,428,Hardware Design & Development,,1589264904000,completed,2,46,https://eu.actitime.com/stl-tech/tasks/tasklist.do?taskId=428,QLM-3046-Yoda,QLM,Done,Projects,,,33,73,False,False
32,0,1000,429,Other,,1589264904000,completed,2,46,https://eu.actitime.com/stl-tech/tasks/tasklist.do?taskId=429,QLM-3046-Yoda,QLM,Done,Projects,,,33,73,False,False
33,0,1000,430,"Procurement, Materials Management",,1589264904000,completed,2,46,https://eu.actitime.com/stl-tech/tasks/tasklist.do?taskId=430,QLM-3046-Yoda,QLM,Done,Projects,,,33,73,False,False
34,0,1000,431,Project Management,,1589264904000,completed,2,46,https://eu.actitime.com/stl-tech/tasks/tasklist.do?taskId=431,QLM-3046-Yoda,QLM,Done,Projects,,,33,73,False,False
35,0,1000,432,"Requirements, Specification",,1589264904000,completed,2,46,https://eu.actitime.com/stl-tech/tasks/tasklist.do?taskId=432,QLM-3046-Yoda,QLM,Done,Projects,,,33,73,False,False
36,0,1000,433,Software Design & Development,,1589264904000,completed,2,46,https://eu.actitime.com/stl-tech/tasks/tasklist.do?taskId=433,QLM-3046-Yoda,QLM,Done,Projects,,,33,73,False,False
37,0,1000,434,"Software Test, Integration & Debug",,1589264904000,completed,2,46,https://eu.actitime.com/stl-tech/tasks/tasklist.do?taskId=434,QLM-3046-Yoda,QLM,Done,Projects,,,33,73,False,False
38,0,1000,435,Travel,,1589264904000,completed,2,46,https://eu.actitime.com/stl-tech/tasks/tasklist.do?taskId=435,QLM-3046-Yoda,QLM,Done,Projects,,,33,73,False,False
39,0,1000,446,Business Development,,1591677309000,completed,2,46,https://eu.actitime.com/stl-tech/tasks/tasklist.do?taskId=446,SIT-3051-SustainIT,Sustain IT,Done,Projects,,,43,75,True,True
40,0,1000,447,"Hardware Build, Test & Commissioning",,1591677309000,completed,2,46,https://eu.actitime.com/stl-tech/tasks/tasklist.do?taskId=447,SIT-3051-SustainIT,Sustain IT,Done,Projects,,,43,75,True,True
41,0,1000,448,Hardware Design & Development,,1591677309000,completed,2,46,https://eu.actitime.com/stl-tech/tasks/tasklist.do?taskId=448,SIT-3051-SustainIT,Sustain IT,Done,Projects,,,43,75,True,True
42,0,1000,449,Other,,1591677309000,completed,2,46,https://eu.actitime.com/stl-tech/tasks/tasklist.do?taskId=449,SIT-3051-SustainIT,Sustain IT,Done,Projects,,,43,75,True,True
43,0,1000,450,"Procurement, Materials Management",,1591677309000,completed,2,46,https://eu.actitime.com/stl-tech/tasks/tasklist.do?taskId=450,SIT-3051-SustainIT,Sustain IT,Done,Projects,,,43,75,True,True
44,0,1000,451,Project Management,,1591677309000,completed,2,46,https://eu.actitime.com/stl-tech/tasks/tasklist.do?taskId=451,SIT-3051-SustainIT,Sustain IT,Done,Projects,,,43,75,True,True
45,0,1000,452,"Requirements, Specification",,1591677309000,completed,2,46,https://eu.actitime.com/stl-tech/tasks/tasklist.do?taskId=452,SIT-3051-SustainIT,Sustain IT,Done,Projects,,,43,75,True,True
46,0,1000,453,Software Design & Development,,1591677309000,completed,2,46,https://eu.actitime.com/stl-tech/tasks/tasklist.do?taskId=453,SIT-3051-SustainIT,Sustain IT,Done,Projects,,,43,75,True,True
47,0,1000,454,"Software Test, Integration & Debug",,1591677309000,completed,2,46,https://eu.actitime.com/stl-tech/tasks/tasklist.do?taskId=454,SIT-3051-SustainIT,Sustain IT,Done,Projects,,,43,75,True,True
48,0,1000,455,Travel,,1591677309000,completed,2,46,https://eu.actitime.com/stl-tech/tasks/tasklist.do?taskId=455,SIT-3051-SustainIT,Sustain IT,Done,Projects,,,43,75,True,True
49,0,1000,456,Travel (Non Project),,1593430941000,completed,2,57,https://eu.actitime.com/stl-tech/tasks/tasklist.do?taskId=456,Admin - Personal Admin,STL,Done,Business Management: Non-billable,,,30,56,True,True
50,0,1000,491,Other,,1601708801000,completed,2,57,https://eu.actitime.com/stl-tech/tasks/tasklist.do?taskId=491,Admin - Personal Admin,STL,Done,Business Management: Non-billable,,,30,56,True,True
51,0,1000,492,Technical Management,,1602482205000,completed,2,60,https://eu.actitime.com/stl-tech/tasks/tasklist.do?taskId=492,QLM-4039-Splice,QLM,Done,Project Work: T&M Billable,,,33,61,False,False
52,0,1000,493,Technical Management,,1602482257000,completed,2,46,https://eu.actitime.com/stl-tech/tasks/tasklist.do?taskId=493,QLM-3046-Yoda,QLM,Done,Projects,,,33,73,False,False
53,0,1000,495,Technical Management,,1602482306000,completed,2,46,https://eu.actitime.com/stl-tech/tasks/tasklist.do?taskId=495,SIT-3051-SustainIT,Sustain IT,Done,Projects,,,43,75,True,True
54,0,1000,505,Business Development,,1604725748000,completed,2,46,https://eu.actitime.com/stl-tech/tasks/tasklist.do?taskId=505,RMF-3066-POCM,RAB Microfluidics,Done,Projects,,,48,84,True,True
55,0,1000,506,"Requirements, Specification",,1604725748000,completed,2,46,https://eu.actitime.com/stl-tech/tasks/tasklist.do?taskId=506,RMF-3066-POCM,RAB Microfluidics,Done,Projects,,,48,84,True,True
56,0,1000,530,Business Development,,1611205884000,open,4,60,https://eu.actitime.com/stl-tech/tasks/tasklist.do?taskId=530,TWI-3054-WeldVue,Innovate UK,In Progress,Project Work: T&M Billable,,,34,87,True,True
57,0,1000,533,Other,,1611205884000,open,4,60,https://eu.actitime.com/stl-tech/tasks/tasklist.do?taskId=533,TWI-3054-WeldVue,Innovate UK,In Progress,Project Work: T&M Billable,,,34,87,True,True
58,0,1000,534,"Procurement, Materials Management",,1611205884000,open,4,60,https://eu.actitime.com/stl-tech/tasks/tasklist.do?taskId=534,TWI-3054-WeldVue,Innovate UK,In Progress,Project Work: T&M Billable,,,34,87,True,True
59,0,1000,535,Project Management,,1611205884000,open,4,60,https://eu.actitime.com/stl-tech/tasks/tasklist.do?taskId=535,TWI-3054-WeldVue,Innovate UK,In Progress,Project Work: T&M Billable,,,34,87,True,True
60,0,1000,536,"Requirements, Specification",,1611205884000,open,4,60,https://eu.actitime.com/stl-tech/tasks/tasklist.do?taskId=536,TWI-3054-WeldVue,Innovate UK,In Progress,Project Work: T&M Billable,,,34,87,True,True
61,0,1000,537,Software Design & Development,,1611205884000,open,4,60,https://eu.actitime.com/stl-tech/tasks/tasklist.do?taskId=537,TWI-3054-WeldVue,Innovate UK,In Progress,Project Work: T&M Billable,,,34,87,True,True
62,0,1000,538,"Software Test, Integration & Debug",,1611205884000,open,4,60,https://eu.actitime.com/stl-tech/tasks/tasklist.do?taskId=538,TWI-3054-WeldVue,Innovate UK,In Progress,Project Work: T&M Billable,,,34,87,True,True
63,0,1000,539,Technical Management,,1611205884000,open,4,60,https://eu.actitime.com/stl-tech/tasks/tasklist.do?taskId=539,TWI-3054-WeldVue,Innovate UK,In Progress,Project Work: T&M Billable,,,34,87,True,True
64,0,1000,540,Travel,,1611205884000,open,4,60,https://eu.actitime.com/stl-tech/tasks/tasklist.do?taskId=540,TWI-3054-WeldVue,Innovate UK,In Progress,Project Work: T&M Billable,,,34,87,True,True
65,0,1000,541,Project Management,,1611302095000,completed,2,46,https://eu.actitime.com/stl-tech/tasks/tasklist.do?taskId=541,RMF-3066-POCM,RAB Microfluidics,Done,Projects,,,48,84,True,True
66,0,1000,542,Technical Management,,1611302134000,completed,2,46,https://eu.actitime.com/stl-tech/tasks/tasklist.do?taskId=542,RMF-3066-POCM,RAB Microfluidics,Done,Projects,,,48,84,True,True
67,0,1000,543,"Software Test, Integration & Debug",,1611302150000,completed,2,46,https://eu.actitime.com/stl-tech/tasks/tasklist.do?taskId=543,RMF-3066-POCM,RAB Microfluidics,Done,Projects,,,48,84,True,True
68,0,1000,544,Software Design & Development,,1611302161000,completed,2,46,https://eu.actitime.com/stl-tech/tasks/tasklist.do?taskId=544,RMF-3066-POCM,RAB Microfluidics,Done,Projects,,,48,84,True,True
69,0,1000,545,"Procurement, Materials Management",,1611302172000,completed,2,46,https://eu.actitime.com/stl-tech/tasks/tasklist.do?taskId=545,RMF-3066-POCM,RAB Microfluidics,Done,Projects,,,48,84,True,True
70,0,1000,546,Travel,,1611302289000,completed,2,46,https://eu.actitime.com/stl-tech/tasks/tasklist.do?taskId=546,RMF-3066-POCM,RAB Microfluidics,Done,Projects,,,48,84,True,True
71,0,1000,547,Other,,1611302330000,completed,2,46,https://eu.actitime.com/stl-tech/tasks/tasklist.do?taskId=547,RMF-3066-POCM,RAB Microfluidics,Done,Projects,,,48,84,True,True
72,0,1000,548,"Hardware Build, Test & Commissioning",,1611302355000,completed,2,46,https://eu.actitime.com/stl-tech/tasks/tasklist.do?taskId=548,RMF-3066-POCM,RAB Microfluidics,Done,Projects,,,48,84,True,True
73,0,1000,549,Hardware Design & Development,,1611302364000,completed,2,46,https://eu.actitime.com/stl-tech/tasks/tasklist.do?taskId=549,RMF-3066-POCM,RAB Microfluidics,Done,Projects,,,48,84,True,True
74,0,1000,550,Business Development,,1616150488000,completed,2,46,https://eu.actitime.com/stl-tech/tasks/tasklist.do?taskId=550,VVQ-3076-Chippy,VividQ,Done,Projects,,,50,88,False,False
75,0,1000,551,"Hardware Build, Test & Commissioning",,1616150488000,completed,2,46,https://eu.actitime.com/stl-tech/tasks/tasklist.do?taskId=551,VVQ-3076-Chippy,VividQ,Done,Projects,,,50,88,False,False
76,0,1000,552,Hardware Design & Development,,1616150488000,completed,2,46,https://eu.actitime.com/stl-tech/tasks/tasklist.do?taskId=552,VVQ-3076-Chippy,VividQ,Done,Projects,,,50,88,False,False
77,0,1000,553,Other,,1616150488000,completed,2,46,https://eu.actitime.com/stl-tech/tasks/tasklist.do?taskId=553,VVQ-3076-Chippy,VividQ,Done,Projects,,,50,88,False,False
78,0,1000,554,"Procurement, Materials Management",,1616150488000,completed,2,46,https://eu.actitime.com/stl-tech/tasks/tasklist.do?taskId=554,VVQ-3076-Chippy,VividQ,Done,Projects,,,50,88,False,False
79,0,1000,555,Project Management,,1616150488000,completed,2,46,https://eu.actitime.com/stl-tech/tasks/tasklist.do?taskId=555,VVQ-3076-Chippy,VividQ,Done,Projects,,,50,88,False,False
80,0,1000,556,"Requirements, Specification",,1616150488000,completed,2,46,https://eu.actitime.com/stl-tech/tasks/tasklist.do?taskId=556,VVQ-3076-Chippy,VividQ,Done,Projects,,,50,88,False,False
81,0,1000,557,Software Design & Development,,1616150488000,completed,2,46,https://eu.actitime.com/stl-tech/tasks/tasklist.do?taskId=557,VVQ-3076-Chippy,VividQ,Done,Projects,,,50,88,False,False
82,0,1000,558,"Software Test, Integration & Debug",,1616150488000,completed,2,46,https://eu.actitime.com/stl-tech/tasks/tasklist.do?taskId=558,VVQ-3076-Chippy,VividQ,Done,Projects,,,50,88,False,False
83,0,1000,559,Technical Management,,1616150488000,completed,2,46,https://eu.actitime.com/stl-tech/tasks/tasklist.do?taskId=559,VVQ-3076-Chippy,VividQ,Done,Projects,,,50,88,False,False
84,0,1000,560,Travel,,1616150488000,completed,2,46,https://eu.actitime.com/stl-tech/tasks/tasklist.do?taskId=560,VVQ-3076-Chippy,VividQ,Done,Projects,,,50,88,False,False
85,0,1000,582,Training,,1620807241000,completed,2,57,https://eu.actitime.com/stl-tech/tasks/tasklist.do?taskId=582,Admin - Personal Admin,STL,Done,Business Management: Non-billable,,,30,56,True,True
86,0,1000,584,Assisting Tasks,,1623234919000,completed,2,67,https://eu.actitime.com/stl-tech/tasks/tasklist.do?taskId=584,Admin - Personal Admin,STL,Done,Personal Admin: Non-Billable,,,30,56,True,True
87,0,1000,585,Commercial Exploitation,,1623864384000,open,4,60,https://eu.actitime.com/stl-tech/tasks/tasklist.do?taskId=585,TWI-3054-WeldVue,Innovate UK,In Progress,Project Work: T&M Billable,,,34,87,True,True
88,0,1000,597,Business Development,,1626205355000,completed,2,46,https://eu.actitime.com/stl-tech/tasks/tasklist.do?taskId=597,STI-3084-BiotIP,STI,Done,Projects,,,54,94,True,True
89,0,1000,598,"Hardware Build, Test & Commissioning",,1626205355000,completed,2,46,https://eu.actitime.com/stl-tech/tasks/tasklist.do?taskId=598,STI-3084-BiotIP,STI,Done,Projects,,,54,94,True,True
90,0,1000,599,Hardware Design & Development,,1626205355000,completed,2,46,https://eu.actitime.com/stl-tech/tasks/tasklist.do?taskId=599,STI-3084-BiotIP,STI,Done,Projects,,,54,94,True,True
91,0,1000,600,Other,,1626205355000,completed,2,46,https://eu.actitime.com/stl-tech/tasks/tasklist.do?taskId=600,STI-3084-BiotIP,STI,Done,Projects,,,54,94,True,True
92,0,1000,601,"Procurement, Materials Management",,1626205355000,completed,2,46,https://eu.actitime.com/stl-tech/tasks/tasklist.do?taskId=601,STI-3084-BiotIP,STI,Done,Projects,,,54,94,True,True
93,0,1000,602,Project Management,,1626205355000,completed,2,46,https://eu.actitime.com/stl-tech/tasks/tasklist.do?taskId=602,STI-3084-BiotIP,STI,Done,Projects,,,54,94,True,True
94,0,1000,603,"Requirements, Specification",,1626205355000,completed,2,46,https://eu.actitime.com/stl-tech/tasks/tasklist.do?taskId=603,STI-3084-BiotIP,STI,Done,Projects,,,54,94,True,True
95,0,1000,604,Software Design & Development,,1626205355000,completed,2,46,https://eu.actitime.com/stl-tech/tasks/tasklist.do?taskId=604,STI-3084-BiotIP,STI,Done,Projects,,,54,94,True,True
96,0,1000,605,"Software Test, Integration & Debug",,1626205355000,completed,2,46,https://eu.actitime.com/stl-tech/tasks/tasklist.do?taskId=605,STI-3084-BiotIP,STI,Done,Projects,,,54,94,True,True
97,0,1000,606,Technical Management,,1626205355000,completed,2,46,https://eu.actitime.com/stl-tech/tasks/tasklist.do?taskId=606,STI-3084-BiotIP,STI,Done,Projects,,,54,94,True,True
98,0,1000,607,Travel,,1626205355000,completed,2,46,https://eu.actitime.com/stl-tech/tasks/tasklist.do?taskId=607,STI-3084-BiotIP,STI,Done,Projects,,,54,94,True,True
99,0,1000,608,Preliminary Model B Control Board BOM,,1628174038000,completed,2,46,https://eu.actitime.com/stl-tech/tasks/tasklist.do?taskId=608,RMF-3066-POCM,RAB Microfluidics,Done,Projects,,,48,84,True,True
100,0,1000,609,Preliminary Model B Control Board Block Diagram,,1628174038000,completed,2,18,https://eu.actitime.com/stl-tech/tasks/tasklist.do?taskId=609,RMF-3066-POCM,RAB Microfluidics,Done,research,,,48,84,True,True
101,0,1000,610,Parts Research,,1628174038000,completed,2,18,https://eu.actitime.com/stl-tech/tasks/tasklist.do?taskId=610,RMF-3066-POCM,RAB Microfluidics,Done,research,,,48,84,True,True
102,0,1000,611,Project Induction,,1628174038000,completed,2,46,https://eu.actitime.com/stl-tech/tasks/tasklist.do?taskId=611,RMF-3066-POCM,RAB Microfluidics,Done,Projects,,,48,84,True,True
103,0,1000,612,Altium Training,,1628174038000,completed,2,2,https://eu.actitime.com/stl-tech/tasks/tasklist.do?taskId=612,RMF-3066-POCM,RAB Microfluidics,Done,non-billable,,,48,84,True,True
104,0,1000,613,Model B Sub CPU Circuit IO Allocations,,1628260407000,completed,2,46,https://eu.actitime.com/stl-tech/tasks/tasklist.do?taskId=613,RMF-3066-POCM,RAB Microfluidics,Done,Projects,,,48,84,True,True
105,0,1000,614,Requirements,,1628614061000,completed,2,68,https://eu.actitime.com/stl-tech/tasks/tasklist.do?taskId=614,Tactical Process Improvement Project,STL,Done,ISO-9001: Non-Billable,,,30,95,True,True
106,0,1000,615,Analysis and Documentation,,1628614061000,open,4,68,https://eu.actitime.com/stl-tech/tasks/tasklist.do?taskId=615,Tactical Process Improvement Project,STL,In Progress,ISO-9001: Non-Billable,,,30,95,True,True
107,0,1000,616,Testing & Audits,,1628614061000,completed,2,68,https://eu.actitime.com/stl-tech/tasks/tasklist.do?taskId=616,Tactical Process Improvement Project,STL,Done,ISO-9001: Non-Billable,,,30,95,True,True
108,0,1000,617,Document Generation,,1628614061000,completed,2,68,https://eu.actitime.com/stl-tech/tasks/tasklist.do?taskId=617,Tactical Process Improvement Project,STL,Done,ISO-9001: Non-Billable,,,30,95,True,True
109,0,1000,618,Review Meetings,,1628614061000,open,4,68,https://eu.actitime.com/stl-tech/tasks/tasklist.do?taskId=618,Tactical Process Improvement Project,STL,In Progress,ISO-9001: Non-Billable,,,30,95,True,True
110,0,1000,619,Document Management,,1628614061000,completed,2,68,https://eu.actitime.com/stl-tech/tasks/tasklist.do?taskId=619,Tactical Process Improvement Project,STL,Done,ISO-9001: Non-Billable,,,30,95,True,True
111,0,1000,620,Business Development,,1628672616000,completed,2,46,https://eu.actitime.com/stl-tech/tasks/tasklist.do?taskId=620,RMF-3075-MID,RAB Microfluidics,Done,Projects,,,48,96,True,True
112,0,1000,621,"Hardware Build, Test & Commissioning",,1628672616000,completed,2,46,https://eu.actitime.com/stl-tech/tasks/tasklist.do?taskId=621,RMF-3075-MID,RAB Microfluidics,Done,Projects,,,48,96,True,True
113,0,1000,622,Hardware Design & Development,,1628672616000,completed,2,46,https://eu.actitime.com/stl-tech/tasks/tasklist.do?taskId=622,RMF-3075-MID,RAB Microfluidics,Done,Projects,,,48,96,True,True
114,0,1000,623,Other,,1628672616000,completed,2,46,https://eu.actitime.com/stl-tech/tasks/tasklist.do?taskId=623,RMF-3075-MID,RAB Microfluidics,Done,Projects,,,48,96,True,True
115,0,1000,624,Parts Research,,1628672616000,completed,2,46,https://eu.actitime.com/stl-tech/tasks/tasklist.do?taskId=624,RMF-3075-MID,RAB Microfluidics,Done,Projects,,,48,96,True,True
116,0,1000,625,"Procurement, Materials Management",,1628672616000,completed,2,46,https://eu.actitime.com/stl-tech/tasks/tasklist.do?taskId=625,RMF-3075-MID,RAB Microfluidics,Done,Projects,,,48,96,True,True
117,0,1000,626,Project Management,,1628672616000,completed,2,46,https://eu.actitime.com/stl-tech/tasks/tasklist.do?taskId=626,RMF-3075-MID,RAB Microfluidics,Done,Projects,,,48,96,True,True
118,0,1000,627,"Requirements, Specification",,1628672616000,completed,2,46,https://eu.actitime.com/stl-tech/tasks/tasklist.do?taskId=627,RMF-3075-MID,RAB Microfluidics,Done,Projects,,,48,96,True,True
119,0,1000,628,Software Design & Development,,1628672616000,completed,2,46,https://eu.actitime.com/stl-tech/tasks/tasklist.do?taskId=628,RMF-3075-MID,RAB Microfluidics,Done,Projects,,,48,96,True,True
120,0,1000,629,"Software Test, Integration & Debug",,1628672616000,completed,2,46,https://eu.actitime.com/stl-tech/tasks/tasklist.do?taskId=629,RMF-3075-MID,RAB Microfluidics,Done,Projects,,,48,96,True,True
121,0,1000,630,Technical Management,,1628672616000,completed,2,46,https://eu.actitime.com/stl-tech/tasks/tasklist.do?taskId=630,RMF-3075-MID,RAB Microfluidics,Done,Projects,,,48,96,True,True
122,0,1000,631,Travel,,1628672616000,completed,2,46,https://eu.actitime.com/stl-tech/tasks/tasklist.do?taskId=631,RMF-3075-MID,RAB Microfluidics,Done,Projects,,,48,96,True,True
123,0,1000,632,Model B PCB planning,,1629134819000,completed,2,46,https://eu.actitime.com/stl-tech/tasks/tasklist.do?taskId=632,RMF-3066-POCM,RAB Microfluidics,Done,Projects,,,48,84,True,True
124,0,1000,633,Circuit Design,,1629479065000,completed,2,46,https://eu.actitime.com/stl-tech/tasks/tasklist.do?taskId=633,RMF-3066-POCM,RAB Microfluidics,Done,Projects,,,48,84,True,True
125,0,1000,634,Altium Training,,1631100755000,completed,2,34,https://eu.actitime.com/stl-tech/tasks/tasklist.do?taskId=634,RMF-3081-CAP,RAB Microfluidics,Done,Personal Admin,,,48,97,True,True
126,0,1000,635,Business Development,,1631100755000,completed,2,46,https://eu.actitime.com/stl-tech/tasks/tasklist.do?taskId=635,RMF-3081-CAP,RAB Microfluidics,Done,Projects,,,48,97,True,True
127,0,1000,636,Circuit Design,,1631100755000,completed,2,46,https://eu.actitime.com/stl-tech/tasks/tasklist.do?taskId=636,RMF-3081-CAP,RAB Microfluidics,Done,Projects,,,48,97,True,True
128,0,1000,637,"Hardware Build, Test & Commissioning",,1631100755000,completed,2,46,https://eu.actitime.com/stl-tech/tasks/tasklist.do?taskId=637,RMF-3081-CAP,RAB Microfluidics,Done,Projects,,,48,97,True,True
129,0,1000,638,Hardware Design & Development,,1631100755000,completed,2,46,https://eu.actitime.com/stl-tech/tasks/tasklist.do?taskId=638,RMF-3081-CAP,RAB Microfluidics,Done,Projects,,,48,97,True,True
130,0,1000,639,Model B PCB planning,,1631100755000,completed,2,46,https://eu.actitime.com/stl-tech/tasks/tasklist.do?taskId=639,RMF-3081-CAP,RAB Microfluidics,Done,Projects,,,48,97,True,True
131,0,1000,640,Model B Sub CPU Circuit IO Allocations,,1631100755000,completed,2,46,https://eu.actitime.com/stl-tech/tasks/tasklist.do?taskId=640,RMF-3081-CAP,RAB Microfluidics,Done,Projects,,,48,97,True,True
132,0,1000,641,Other,,1631100755000,completed,2,46,https://eu.actitime.com/stl-tech/tasks/tasklist.do?taskId=641,RMF-3081-CAP,RAB Microfluidics,Done,Projects,,,48,97,True,True
133,0,1000,642,Parts Research,,1631100755000,completed,2,46,https://eu.actitime.com/stl-tech/tasks/tasklist.do?taskId=642,RMF-3081-CAP,RAB Microfluidics,Done,Projects,,,48,97,True,True
134,0,1000,643,Preliminary Model B Control Board Block Diagram,,1631100755000,completed,2,18,https://eu.actitime.com/stl-tech/tasks/tasklist.do?taskId=643,RMF-3081-CAP,RAB Microfluidics,Done,research,,,48,97,True,True
135,0,1000,644,Preliminary Model B Control Board BOM,,1631100755000,completed,2,18,https://eu.actitime.com/stl-tech/tasks/tasklist.do?taskId=644,RMF-3081-CAP,RAB Microfluidics,Done,research,,,48,97,True,True
136,0,1000,645,"Procurement, Materials Management",,1631100755000,completed,2,46,https://eu.actitime.com/stl-tech/tasks/tasklist.do?taskId=645,RMF-3081-CAP,RAB Microfluidics,Done,Projects,,,48,97,True,True
137,0,1000,646,Project Induction,,1631100755000,completed,2,46,https://eu.actitime.com/stl-tech/tasks/tasklist.do?taskId=646,RMF-3081-CAP,RAB Microfluidics,Done,Projects,,,48,97,True,True
138,0,1000,647,Project Management,,1631100755000,completed,2,46,https://eu.actitime.com/stl-tech/tasks/tasklist.do?taskId=647,RMF-3081-CAP,RAB Microfluidics,Done,Projects,,,48,97,True,True
139,0,1000,648,"Requirements, Specification",,1631100755000,completed,2,46,https://eu.actitime.com/stl-tech/tasks/tasklist.do?taskId=648,RMF-3081-CAP,RAB Microfluidics,Done,Projects,,,48,97,True,True
140,0,1000,649,Software Design & Development,,1631100755000,completed,2,46,https://eu.actitime.com/stl-tech/tasks/tasklist.do?taskId=649,RMF-3081-CAP,RAB Microfluidics,Done,Projects,,,48,97,True,True
141,0,1000,650,"Software Test, Integration & Debug",,1631100755000,completed,2,46,https://eu.actitime.com/stl-tech/tasks/tasklist.do?taskId=650,RMF-3081-CAP,RAB Microfluidics,Done,Projects,,,48,97,True,True
142,0,1000,651,Technical Management,,1631100755000,completed,2,46,https://eu.actitime.com/stl-tech/tasks/tasklist.do?taskId=651,RMF-3081-CAP,RAB Microfluidics,Done,Projects,,,48,97,True,True
143,0,1000,652,Travel,,1631100755000,completed,2,46,https://eu.actitime.com/stl-tech/tasks/tasklist.do?taskId=652,RMF-3081-CAP,RAB Microfluidics,Done,Projects,,,48,97,True,True
144,0,1000,653,Model B BOM compiling,,1633512296000,completed,2,46,https://eu.actitime.com/stl-tech/tasks/tasklist.do?taskId=653,RMF-3066-POCM,RAB Microfluidics,Done,Projects,,,48,84,True,True
145,0,1000,661,Test doc,,1637929320000,completed,2,18,https://eu.actitime.com/stl-tech/tasks/tasklist.do?taskId=661,RMF-3066-POCM,RAB Microfluidics,Done,research,,,48,84,True,True
146,0,1000,662,Misc schematic review / component selection,,1637929368000,completed,2,18,https://eu.actitime.com/stl-tech/tasks/tasklist.do?taskId=662,RMF-3066-POCM,RAB Microfluidics,Done,research,,,48,84,True,True
147,0,1000,663,Review & Handover,,1637929502000,completed,2,18,https://eu.actitime.com/stl-tech/tasks/tasklist.do?taskId=663,RMF-3066-POCM,RAB Microfluidics,Done,research,,,48,84,True,True
148,0,1000,664,Business Development,,1639650358000,completed,2,46,https://eu.actitime.com/stl-tech/tasks/tasklist.do?taskId=664,BTH-7094-LAMP,University of Bath,Done,Projects,,,57,100,False,False
149,0,1000,665,"Hardware Build, Test & Commissioning",,1639650358000,completed,2,46,https://eu.actitime.com/stl-tech/tasks/tasklist.do?taskId=665,BTH-7094-LAMP,University of Bath,Done,Projects,,,57,100,False,False
150,0,1000,666,Hardware Design & Development,,1639650359000,completed,2,46,https://eu.actitime.com/stl-tech/tasks/tasklist.do?taskId=666,BTH-7094-LAMP,University of Bath,Done,Projects,,,57,100,False,False
151,0,1000,667,Other,,1639650359000,completed,2,46,https://eu.actitime.com/stl-tech/tasks/tasklist.do?taskId=667,BTH-7094-LAMP,University of Bath,Done,Projects,,,57,100,False,False
152,0,1000,668,"Procurement, Materials Management",,1639650359000,completed,2,46,https://eu.actitime.com/stl-tech/tasks/tasklist.do?taskId=668,BTH-7094-LAMP,University of Bath,Done,Projects,,,57,100,False,False
153,0,1000,669,Project Management,,1639650359000,completed,2,46,https://eu.actitime.com/stl-tech/tasks/tasklist.do?taskId=669,BTH-7094-LAMP,University of Bath,Done,Projects,,,57,100,False,False
154,0,1000,670,"Requirements, Specification",,1639650359000,completed,2,46,https://eu.actitime.com/stl-tech/tasks/tasklist.do?taskId=670,BTH-7094-LAMP,University of Bath,Done,Projects,,,57,100,False,False
155,0,1000,671,Software Design & Development,,1639650359000,completed,2,46,https://eu.actitime.com/stl-tech/tasks/tasklist.do?taskId=671,BTH-7094-LAMP,University of Bath,Done,Projects,,,57,100,False,False
156,0,1000,672,"Software Test, Integration & Debug",,1639650359000,completed,2,46,https://eu.actitime.com/stl-tech/tasks/tasklist.do?taskId=672,BTH-7094-LAMP,University of Bath,Done,Projects,,,57,100,False,False
157,0,1000,673,Travel,,1639650359000,completed,2,46,https://eu.actitime.com/stl-tech/tasks/tasklist.do?taskId=673,BTH-7094-LAMP,University of Bath,Done,Projects,,,57,100,False,False
158,0,1000,674,Technical Management,,1639650359000,completed,2,46,https://eu.actitime.com/stl-tech/tasks/tasklist.do?taskId=674,BTH-7094-LAMP,University of Bath,Done,Projects,,,57,100,False,False
159,0,1000,707,"Requirements, Specification",,1639666211000,completed,2,46,https://eu.actitime.com/stl-tech/tasks/tasklist.do?taskId=707,WSE-3091-System Controller,WASE,Done,Projects,,,58,101,False,False
160,0,1000,708,Project Management,,1639666211000,completed,2,46,https://eu.actitime.com/stl-tech/tasks/tasklist.do?taskId=708,WSE-3091-System Controller,WASE,Done,Projects,,,58,101,False,False
161,0,1000,709,Technical Management,,1639666211000,completed,2,46,https://eu.actitime.com/stl-tech/tasks/tasklist.do?taskId=709,WSE-3091-System Controller,WASE,Done,Projects,,,58,101,False,False
162,0,1000,710,"Software Test, Integration & Debug",,1639666211000,completed,2,46,https://eu.actitime.com/stl-tech/tasks/tasklist.do?taskId=710,WSE-3091-System Controller,WASE,Done,Projects,,,58,101,False,False
163,0,1000,711,Software Design & Development,,1639666211000,completed,2,46,https://eu.actitime.com/stl-tech/tasks/tasklist.do?taskId=711,WSE-3091-System Controller,WASE,Done,Projects,,,58,101,False,False
164,0,1000,712,"Procurement, Materials Management",,1639666211000,completed,2,46,https://eu.actitime.com/stl-tech/tasks/tasklist.do?taskId=712,WSE-3091-System Controller,WASE,Done,Projects,,,58,101,False,False
165,0,1000,713,Travel,,1639666212000,completed,2,46,https://eu.actitime.com/stl-tech/tasks/tasklist.do?taskId=713,WSE-3091-System Controller,WASE,Done,Projects,,,58,101,False,False
166,0,1000,714,Other,,1639666212000,completed,2,46,https://eu.actitime.com/stl-tech/tasks/tasklist.do?taskId=714,WSE-3091-System Controller,WASE,Done,Projects,,,58,101,False,False
167,0,1000,715,"Hardware Build, Test & Commissioning",,1639666212000,completed,2,46,https://eu.actitime.com/stl-tech/tasks/tasklist.do?taskId=715,WSE-3091-System Controller,WASE,Done,Projects,,,58,101,False,False
168,0,1000,716,Hardware Design & Development,,1639666212000,completed,2,46,https://eu.actitime.com/stl-tech/tasks/tasklist.do?taskId=716,WSE-3091-System Controller,WASE,Done,Projects,,,58,101,False,False
169,0,1000,720,Project Induction,,1639666212000,completed,2,46,https://eu.actitime.com/stl-tech/tasks/tasklist.do?taskId=720,WSE-3091-System Controller,WASE,Done,Projects,,,58,101,False,False
170,0,1000,728,Review,,1639666213000,completed,2,18,https://eu.actitime.com/stl-tech/tasks/tasklist.do?taskId=728,WSE-3091-System Controller,WASE,Done,research,,,58,101,False,False
171,0,1000,729,Deliverables Documentation Creation,,1639667426000,completed,2,46,https://eu.actitime.com/stl-tech/tasks/tasklist.do?taskId=729,WSE-3095- Cloud Based System,WASE,Done,Projects,,,58,106,False,False
172,0,1000,730,"Requirements, Specification",,1639667426000,completed,2,46,https://eu.actitime.com/stl-tech/tasks/tasklist.do?taskId=730,WSE-3095- Cloud Based System,WASE,Done,Projects,,,58,106,False,False
173,0,1000,731,Project Management,,1639667426000,completed,2,46,https://eu.actitime.com/stl-tech/tasks/tasklist.do?taskId=731,WSE-3095- Cloud Based System,WASE,Done,Projects,,,58,106,False,False
174,0,1000,732,Technical Management,,1639667426000,completed,2,46,https://eu.actitime.com/stl-tech/tasks/tasklist.do?taskId=732,WSE-3095- Cloud Based System,WASE,Done,Projects,,,58,106,False,False
175,0,1000,733,"Software Test, Integration & Debug",,1639667426000,completed,2,46,https://eu.actitime.com/stl-tech/tasks/tasklist.do?taskId=733,WSE-3095- Cloud Based System,WASE,Done,Projects,,,58,106,False,False
176,0,1000,734,Software Design & Development,,1639667426000,completed,2,46,https://eu.actitime.com/stl-tech/tasks/tasklist.do?taskId=734,WSE-3095- Cloud Based System,WASE,Done,Projects,,,58,106,False,False
177,0,1000,735,"Procurement, Materials Management",,1639667426000,completed,2,46,https://eu.actitime.com/stl-tech/tasks/tasklist.do?taskId=735,WSE-3095- Cloud Based System,WASE,Done,Projects,,,58,106,False,False
178,0,1000,736,Travel,,1639667426000,completed,2,46,https://eu.actitime.com/stl-tech/tasks/tasklist.do?taskId=736,WSE-3095- Cloud Based System,WASE,Done,Projects,,,58,106,False,False
179,0,1000,737,Other,,1639667426000,completed,2,46,https://eu.actitime.com/stl-tech/tasks/tasklist.do?taskId=737,WSE-3095- Cloud Based System,WASE,Done,Projects,,,58,106,False,False
180,0,1000,743,Project Induction,,1639667427000,completed,2,46,https://eu.actitime.com/stl-tech/tasks/tasklist.do?taskId=743,WSE-3095- Cloud Based System,WASE,Done,Projects,,,58,106,False,False
181,0,1000,752,I/O Module and PLC Selection,,1639733557000,completed,2,2,https://eu.actitime.com/stl-tech/tasks/tasklist.do?taskId=752,WSE-3091-System Controller,WASE,Done,non-billable,,,58,101,False,False
182,0,1000,753,System Level Design and Theory,,1639733584000,completed,2,2,https://eu.actitime.com/stl-tech/tasks/tasklist.do?taskId=753,WSE-3091-System Controller,WASE,Done,non-billable,,,58,101,False,False
183,0,1000,754,System Debug,,1639733677000,completed,2,2,https://eu.actitime.com/stl-tech/tasks/tasklist.do?taskId=754,WSE-3091-System Controller,WASE,Done,non-billable,,,58,101,False,False
184,0,1000,755,System Integration and Build,,1639733697000,completed,2,2,https://eu.actitime.com/stl-tech/tasks/tasklist.do?taskId=755,WSE-3091-System Controller,WASE,Done,non-billable,,,58,101,False,False
185,0,1000,756,Deliverables Documentation Creation,,1639733724000,completed,2,2,https://eu.actitime.com/stl-tech/tasks/tasklist.do?taskId=756,WSE-3091-System Controller,WASE,Done,non-billable,,,58,101,False,False
186,0,1000,757,System Level Design and Theory,,1639733924000,completed,2,2,https://eu.actitime.com/stl-tech/tasks/tasklist.do?taskId=757,WSE-3095- Cloud Based System,WASE,Done,non-billable,,,58,106,False,False
187,0,1000,758,System Integration and Build,,1639733937000,completed,2,2,https://eu.actitime.com/stl-tech/tasks/tasklist.do?taskId=758,WSE-3095- Cloud Based System,WASE,Done,non-billable,,,58,106,False,False
188,0,1000,759,System Debug,,1639733947000,completed,2,2,https://eu.actitime.com/stl-tech/tasks/tasklist.do?taskId=759,WSE-3095- Cloud Based System,WASE,Done,non-billable,,,58,106,False,False
189,0,1000,760,Review,,1639733959000,completed,2,2,https://eu.actitime.com/stl-tech/tasks/tasklist.do?taskId=760,WSE-3095- Cloud Based System,WASE,Done,non-billable,,,58,106,False,False
190,0,1000,764,Project Initiation,,1641391566000,open,1,56,https://eu.actitime.com/stl-tech/tasks/tasklist.do?taskId=764,STI-3087-Surestop,STI,New,Project Work: Fixed Cost Billable,,,54,107,True,True
191,0,1000,765,Project Management,,1641391566000,open,1,56,https://eu.actitime.com/stl-tech/tasks/tasklist.do?taskId=765,STI-3087-Surestop,STI,New,Project Work: Fixed Cost Billable,,,54,107,True,True
192,0,1000,766,Project Kick Off,,1641391566000,open,1,56,https://eu.actitime.com/stl-tech/tasks/tasklist.do?taskId=766,STI-3087-Surestop,STI,New,Project Work: Fixed Cost Billable,,,54,107,True,True
193,0,1000,767,Software Architecture,,1642008159000,open,1,56,https://eu.actitime.com/stl-tech/tasks/tasklist.do?taskId=767,STI-3087-Surestop,STI,New,Project Work: Fixed Cost Billable,,,54,107,True,True
194,0,1000,768,Procurement,,1642008172000,open,1,56,https://eu.actitime.com/stl-tech/tasks/tasklist.do?taskId=768,STI-3087-Surestop,STI,New,Project Work: Fixed Cost Billable,,,54,107,True,True
195,0,1000,769,Requirements Capture,,1642008190000,open,1,56,https://eu.actitime.com/stl-tech/tasks/tasklist.do?taskId=769,STI-3087-Surestop,STI,New,Project Work: Fixed Cost Billable,,,54,107,True,True
196,0,1000,770,Test Specification and VCRI,,1642008213000,open,1,56,https://eu.actitime.com/stl-tech/tasks/tasklist.do?taskId=770,STI-3087-Surestop,STI,New,Project Work: Fixed Cost Billable,,,54,107,True,True
197,0,1000,771,Software Development,,1642008350000,open,4,56,https://eu.actitime.com/stl-tech/tasks/tasklist.do?taskId=771,STI-3087-Surestop,STI,In Progress,Project Work: Fixed Cost Billable,,,54,107,True,True
198,0,1000,772,System Integration,,1642008360000,open,1,56,https://eu.actitime.com/stl-tech/tasks/tasklist.do?taskId=772,STI-3087-Surestop,STI,New,Project Work: Fixed Cost Billable,,,54,107,True,True
199,0,1000,773,Test Execution,,1642008370000,open,1,56,https://eu.actitime.com/stl-tech/tasks/tasklist.do?taskId=773,STI-3087-Surestop,STI,New,Project Work: Fixed Cost Billable,,,54,107,True,True
200,0,1000,774,Bug Fixing,,1642008390000,open,1,56,https://eu.actitime.com/stl-tech/tasks/tasklist.do?taskId=774,STI-3087-Surestop,STI,New,Project Work: Fixed Cost Billable,,,54,107,True,True
201,0,1000,775,Deliverables and Documentation,,1642008408000,open,1,56,https://eu.actitime.com/stl-tech/tasks/tasklist.do?taskId=775,STI-3087-Surestop,STI,New,Project Work: Fixed Cost Billable,,,54,107,True,True
202,0,1000,781,System Change Scoping,,1645007239000,completed,2,2,https://eu.actitime.com/stl-tech/tasks/tasklist.do?taskId=781,WSE-3091-System Controller,WASE,Done,non-billable,,,58,101,False,False
203,0,1000,805,"Ongoing support and SW updates through RAB's X Model Testing, Certification and Evaluation",,1647338389000,completed,2,2,https://eu.actitime.com/stl-tech/tasks/tasklist.do?taskId=805,RMF-3066-POCM,RAB Microfluidics,Done,non-billable,,,48,84,True,True
204,0,1000,806,Research,,1648729796000,completed,2,2,https://eu.actitime.com/stl-tech/tasks/tasklist.do?taskId=806,MKTP,STL,Done,non-billable,,,30,112,True,True
205,0,1000,807,Report Writing,,1648729796000,completed,2,2,https://eu.actitime.com/stl-tech/tasks/tasklist.do?taskId=807,MKTP,STL,Done,non-billable,,,30,112,True,True
206,0,1000,808,Meetings - STL,,1648729796000,completed,2,2,https://eu.actitime.com/stl-tech/tasks/tasklist.do?taskId=808,MKTP,STL,Done,non-billable,,,30,112,True,True
207,0,1000,809,Meetings - University of Bath,,1648729796000,completed,2,2,https://eu.actitime.com/stl-tech/tasks/tasklist.do?taskId=809,MKTP,STL,Done,non-billable,,,30,112,True,True
208,0,1000,810,Meetings - Other,,1648729796000,completed,2,2,https://eu.actitime.com/stl-tech/tasks/tasklist.do?taskId=810,MKTP,STL,Done,non-billable,,,30,112,True,True
209,0,1000,811,Events and Networking,,1648729796000,completed,2,2,https://eu.actitime.com/stl-tech/tasks/tasklist.do?taskId=811,MKTP,STL,Done,non-billable,,,30,112,True,True
210,0,1000,812,Training,,1648729796000,completed,2,2,https://eu.actitime.com/stl-tech/tasks/tasklist.do?taskId=812,MKTP,STL,Done,non-billable,,,30,112,True,True
211,0,1000,813,X1 and X2 repair work,,1651564523000,completed,2,2,https://eu.actitime.com/stl-tech/tasks/tasklist.do?taskId=813,RMF-3066-POCM,RAB Microfluidics,Done,non-billable,,,48,84,True,True
212,0,1000,814,Assemble Units 4 and 5,,1651580421000,completed,2,2,https://eu.actitime.com/stl-tech/tasks/tasklist.do?taskId=814,RMF-3066-POCM,RAB Microfluidics,Done,non-billable,,,48,84,True,True
213,0,1000,815,WP11: Hardware Support through Certification,,1652861736000,completed,2,2,https://eu.actitime.com/stl-tech/tasks/tasklist.do?taskId=815,RMF-3066-POCM,RAB Microfluidics,Done,non-billable,,,48,84,True,True
214,0,1000,816,WP11: Software Support through Certification,,1652861760000,completed,2,2,https://eu.actitime.com/stl-tech/tasks/tasklist.do?taskId=816,RMF-3066-POCM,RAB Microfluidics,Done,non-billable,,,48,84,True,True
215,0,1000,818,Training Day,Training with Val,1654527922000,open,1,65,https://eu.actitime.com/stl-tech/tasks/tasklist.do?taskId=818,Finance,STL,New,STL Finances: Non-Billable,,,30,54,True,True
216,0,1000,831,Admin procurement,,1655207003000,open,1,60,https://eu.actitime.com/stl-tech/tasks/tasklist.do?taskId=831,TWI-3054-WeldVue,Innovate UK,New,Project Work: T&M Billable,,,34,87,True,True
217,0,1000,832,INT 2 Sprint 1,,1655895702000,completed,2,2,https://eu.actitime.com/stl-tech/tasks/tasklist.do?taskId=832,RMF-3066-POCM,RAB Microfluidics,Done,non-billable,,,48,84,True,True
218,0,1000,833,INT 2 Sprint 2,,1655895734000,completed,2,2,https://eu.actitime.com/stl-tech/tasks/tasklist.do?taskId=833,RMF-3066-POCM,RAB Microfluidics,Done,non-billable,,,48,84,True,True
219,0,1000,834,INT 2 Sprint 3,,1655895766000,completed,2,2,https://eu.actitime.com/stl-tech/tasks/tasklist.do?taskId=834,RMF-3066-POCM,RAB Microfluidics,Done,non-billable,,,48,84,True,True
220,0,1000,835,RAB-M Performance Testing Support,,1656318906000,completed,2,2,https://eu.actitime.com/stl-tech/tasks/tasklist.do?taskId=835,RMF-3066-POCM,RAB Microfluidics,Done,non-billable,,,48,84,True,True
221,0,1000,836,Technology Review,,1657119006000,completed,2,60,https://eu.actitime.com/stl-tech/tasks/tasklist.do?taskId=836,SNT-3110 - Analogue Front End for BOSS,Sentinel Photonics,Done,Project Work: T&M Billable,,,60,114,False,False
222,0,1000,837,Analysis and Design,,1657119044000,completed,2,60,https://eu.actitime.com/stl-tech/tasks/tasklist.do?taskId=837,SNT-3110 - Analogue Front End for BOSS,Sentinel Photonics,Done,Project Work: T&M Billable,,,60,114,False,False
223,0,1000,838,Documentation,,1657119050000,completed,2,60,https://eu.actitime.com/stl-tech/tasks/tasklist.do?taskId=838,SNT-3110 - Analogue Front End for BOSS,Sentinel Photonics,Done,Project Work: T&M Billable,,,60,114,False,False
224,0,1000,839,Project Management,,1657119057000,completed,2,60,https://eu.actitime.com/stl-tech/tasks/tasklist.do?taskId=839,SNT-3110 - Analogue Front End for BOSS,Sentinel Photonics,Done,Project Work: T&M Billable,,,60,114,False,False
225,0,1000,840,Project Set Up,,1657119063000,completed,2,60,https://eu.actitime.com/stl-tech/tasks/tasklist.do?taskId=840,SNT-3110 - Analogue Front End for BOSS,Sentinel Photonics,Done,Project Work: T&M Billable,,,60,114,False,False
226,0,1000,841,Hardware Design Review regarding Requirements,,1657119951000,completed,2,60,https://eu.actitime.com/stl-tech/tasks/tasklist.do?taskId=841,STI-3111-Proton DX Lacewing,STI,Done,Project Work: T&M Billable,,,54,118,True,True
227,0,1000,842,Hardware Design Review regarding Quality,,1657119985000,completed,2,60,https://eu.actitime.com/stl-tech/tasks/tasklist.do?taskId=842,STI-3111-Proton DX Lacewing,STI,Done,Project Work: T&M Billable,,,54,118,True,True
228,0,1000,843,Requirements Review and Identification,,1657120014000,completed,2,60,https://eu.actitime.com/stl-tech/tasks/tasklist.do?taskId=843,STI-3111-Proton DX Lacewing,STI,Done,Project Work: T&M Billable,,,54,118,True,True
229,0,1000,844,Project Set Up,,1657120021000,completed,2,60,https://eu.actitime.com/stl-tech/tasks/tasklist.do?taskId=844,STI-3111-Proton DX Lacewing,STI,Done,Project Work: T&M Billable,,,54,118,True,True
230,0,1000,845,Project Management,,1657120030000,completed,2,60,https://eu.actitime.com/stl-tech/tasks/tasklist.do?taskId=845,STI-3111-Proton DX Lacewing,STI,Done,Project Work: T&M Billable,,,54,118,True,True
231,0,1000,846,Accountancy Services,,1657208408000,open,1,66,https://eu.actitime.com/stl-tech/tasks/tasklist.do?taskId=846,Account Service Work,Boom Time,New,Accountancy Services: Equity Billable,,,61,119,True,True
232,0,1000,847,Project Set Up,,1657643314000,completed,2,60,https://eu.actitime.com/stl-tech/tasks/tasklist.do?taskId=847,STI-3113-Creative Waterfall,STI,Done,Project Work: T&M Billable,,,54,120,True,True
233,0,1000,848,Project Management,,1657643323000,completed,2,60,https://eu.actitime.com/stl-tech/tasks/tasklist.do?taskId=848,STI-3113-Creative Waterfall,STI,Done,Project Work: T&M Billable,,,54,120,True,True
234,0,1000,849,Requirements Capture,,1658766364000,completed,2,60,https://eu.actitime.com/stl-tech/tasks/tasklist.do?taskId=849,STI-3113-Creative Waterfall,STI,Done,Project Work: T&M Billable,,,54,120,True,True
235,0,1000,850,Software Development,,1658766379000,completed,2,60,https://eu.actitime.com/stl-tech/tasks/tasklist.do?taskId=850,STI-3113-Creative Waterfall,STI,Done,Project Work: T&M Billable,,,54,120,True,True
236,0,1000,851,Travel,,1659957163000,completed,2,60,https://eu.actitime.com/stl-tech/tasks/tasklist.do?taskId=851,SNT-7105-Feasability and PoC System,Sentinel Photonics,Done,Project Work: T&M Billable,,,60,121,True,True
237,0,1000,852,WP1: Project Kick Off Meeting,,1659957163000,completed,2,60,https://eu.actitime.com/stl-tech/tasks/tasklist.do?taskId=852,SNT-7105-Feasability and PoC System,Sentinel Photonics,Done,Project Work: T&M Billable,,,60,121,True,True
238,0,1000,853,WP1: Project Management,,1659957163000,completed,2,60,https://eu.actitime.com/stl-tech/tasks/tasklist.do?taskId=853,SNT-7105-Feasability and PoC System,Sentinel Photonics,Done,Project Work: T&M Billable,,,60,121,True,True
239,0,1000,854,WP1: Project Set Up,,1659957206000,completed,2,60,https://eu.actitime.com/stl-tech/tasks/tasklist.do?taskId=854,SNT-7105-Feasability and PoC System,Sentinel Photonics,Done,Project Work: T&M Billable,,,60,121,True,True
240,0,1000,855,Tech Transfer and Training,,1660136666000,completed,2,46,https://eu.actitime.com/stl-tech/tasks/tasklist.do?taskId=855,RMF-3066-POCM,RAB Microfluidics,Done,Projects,,,48,84,True,True
241,0,1000,856,WP2: Technical Discovery,,1660745453000,completed,2,60,https://eu.actitime.com/stl-tech/tasks/tasklist.do?taskId=856,SNT-7105-Feasability and PoC System,Sentinel Photonics,Done,Project Work: T&M Billable,,,60,121,True,True
242,0,1000,857,Test Case Management,,1660921092000,completed,2,60,https://eu.actitime.com/stl-tech/tasks/tasklist.do?taskId=857,STI-3113-Creative Waterfall,STI,Done,Project Work: T&M Billable,,,54,120,True,True
243,0,1000,858,IAA,,1662114799000,open,1,60,https://eu.actitime.com/stl-tech/tasks/tasklist.do?taskId=858,BHM-2100-Delta-G Gravity Gradiometer,Delta G,New,Project Work: T&M Billable,,,65,122,False,False
244,0,1000,859,Project Management,Meeting with BAE Systems to discuss DEGAS and NPDT opportunities,1662114799000,open,1,60,https://eu.actitime.com/stl-tech/tasks/tasklist.do?taskId=859,BHM-2100-Delta-G Gravity Gradiometer,Delta G,New,Project Work: T&M Billable,,,65,122,False,False
245,0,1000,860,WP3: Report Writing,,1662384192000,completed,2,60,https://eu.actitime.com/stl-tech/tasks/tasklist.do?taskId=860,SNT-7105-Feasability and PoC System,Sentinel Photonics,Done,Project Work: T&M Billable,,,60,121,True,True
246,0,1000,861,Lessons Learned,,1662461255000,completed,2,2,https://eu.actitime.com/stl-tech/tasks/tasklist.do?taskId=861,RMF-3066-POCM,RAB Microfluidics,Done,non-billable,,,48,84,True,True
247,0,1000,864,Demonstration Development,,1666014983000,open,1,60,https://eu.actitime.com/stl-tech/tasks/tasklist.do?taskId=864,STI-3087-Surestop,STI,New,Project Work: T&M Billable,,,54,107,True,True
248,0,1000,865,Proposal Writing,,1666695095000,completed,2,60,https://eu.actitime.com/stl-tech/tasks/tasklist.do?taskId=865,SNT-7105-Feasability and PoC System,Sentinel Photonics,Done,Project Work: T&M Billable,,,60,121,True,True
249,0,1000,866,System and User Testing,,1667473447000,completed,2,60,https://eu.actitime.com/stl-tech/tasks/tasklist.do?taskId=866,QLM-4039-Splice,QLM,Done,Project Work: T&M Billable,,,33,61,False,False
250,0,1000,867,Project Set Up,,1667982608000,completed,2,56,https://eu.actitime.com/stl-tech/tasks/tasklist.do?taskId=867,BTP-3117-Fuelchip,BiotIP,Done,Project Work: Fixed Cost Billable,,,63,124,False,False
251,0,1000,868,WP1: Objectives Review Session,,1667982608000,completed,2,56,https://eu.actitime.com/stl-tech/tasks/tasklist.do?taskId=868,BTP-3117-Fuelchip,BiotIP,Done,Project Work: Fixed Cost Billable,,,63,124,False,False
252,0,1000,869,WP1: System Block Diagram Design,,1667982608000,completed,2,56,https://eu.actitime.com/stl-tech/tasks/tasklist.do?taskId=869,BTP-3117-Fuelchip,BiotIP,Done,Project Work: Fixed Cost Billable,,,63,124,False,False
253,0,1000,870,WP2: A-model Circuit Schematic Capture,,1667982608000,completed,2,56,https://eu.actitime.com/stl-tech/tasks/tasklist.do?taskId=870,BTP-3117-Fuelchip,BiotIP,Done,Project Work: Fixed Cost Billable,,,63,124,False,False
254,0,1000,871,WP2: A-model Circuit Schematic Review,,1667982608000,completed,2,56,https://eu.actitime.com/stl-tech/tasks/tasklist.do?taskId=871,BTP-3117-Fuelchip,BiotIP,Done,Project Work: Fixed Cost Billable,,,63,124,False,False
255,0,1000,872,Project Set Up,,1668090620000,completed,2,60,https://eu.actitime.com/stl-tech/tasks/tasklist.do?taskId=872,CHM-3119-Design Review,Chemastry,Done,Project Work: T&M Billable,,,64,125,False,False
256,0,1000,873,Meeting,,1668090620000,completed,2,60,https://eu.actitime.com/stl-tech/tasks/tasklist.do?taskId=873,CHM-3119-Design Review,Chemastry,Done,Project Work: T&M Billable,,,64,125,False,False
257,0,1000,874,CHM-3119-Design Review,,1668172702000,completed,2,62,https://eu.actitime.com/stl-tech/tasks/tasklist.do?taskId=874,New Business Development (NBD),STL,Done,NBD: Non-Billable,,,30,58,True,True
258,0,1000,875,SNT-7105-Feasability Study (PoC Phase),,1668506752000,completed,2,62,https://eu.actitime.com/stl-tech/tasks/tasklist.do?taskId=875,New Business Development (NBD),STL,Done,NBD: Non-Billable,,,30,58,True,True
259,0,1000,876,General BoomTime Project Management,,1668533158000,completed,2,62,https://eu.actitime.com/stl-tech/tasks/tasklist.do?taskId=876,New Business Development (NBD),STL,Done,NBD: Non-Billable,,,30,58,True,True
260,0,1000,877,Boomtime BTM-3096 Proposal Generation,,1669110933000,completed,2,62,https://eu.actitime.com/stl-tech/tasks/tasklist.do?taskId=877,New Business Development (NBD),STL,Done,NBD: Non-Billable,,,30,58,True,True
261,0,1000,886,Patent Report Generation,,1669129918000,completed,2,60,https://eu.actitime.com/stl-tech/tasks/tasklist.do?taskId=886,CHM-3119-Design Review,Chemastry,Done,Project Work: T&M Billable,,,64,125,False,False
262,0,1000,890,BTH-3113-Aerogel,,1669624408000,completed,2,62,https://eu.actitime.com/stl-tech/tasks/tasklist.do?taskId=890,New Business Development (NBD),STL,Done,NBD: Non-Billable,,,30,58,True,True
263,0,1000,891,Project Management,,1669657683000,completed,2,56,https://eu.actitime.com/stl-tech/tasks/tasklist.do?taskId=891,BTP-3117-Fuelchip,BiotIP,Done,Project Work: Fixed Cost Billable,,,63,124,False,False
264,0,1000,897,Project Set Up,,1671191116000,open,1,60,https://eu.actitime.com/stl-tech/tasks/tasklist.do?taskId=897,BHM-2100-Delta-G Gravity Gradiometer,Delta G,New,Project Work: T&M Billable,,,65,122,False,False
265,0,1000,898,Requirements,,1671191139000,open,1,60,https://eu.actitime.com/stl-tech/tasks/tasklist.do?taskId=898,BHM-2100-Delta-G Gravity Gradiometer,Delta G,New,Project Work: T&M Billable,,,65,122,False,False
266,0,1000,899,System Architecture,,1671191156000,open,1,60,https://eu.actitime.com/stl-tech/tasks/tasklist.do?taskId=899,BHM-2100-Delta-G Gravity Gradiometer,Delta G,New,Project Work: T&M Billable,,,65,122,False,False
267,0,1000,900,Technical Management,,1671191340000,open,1,60,https://eu.actitime.com/stl-tech/tasks/tasklist.do?taskId=900,BHM-2100-Delta-G Gravity Gradiometer,Delta G,New,Project Work: T&M Billable,,,65,122,False,False
268,0,1000,903,Project Management,,1671549651000,completed,2,60,https://eu.actitime.com/stl-tech/tasks/tasklist.do?taskId=903,CHM-3119-Design Review,Chemastry,Done,Project Work: T&M Billable,,,64,125,False,False
269,0,1000,904,Project Management,,1671629809000,completed,2,60,https://eu.actitime.com/stl-tech/tasks/tasklist.do?taskId=904,STI-3127-Mermaid,STI,Done,Project Work: T&M Billable,,,54,136,True,True
270,0,1000,905,Software Support,,1671629809000,completed,2,60,https://eu.actitime.com/stl-tech/tasks/tasklist.do?taskId=905,STI-3127-Mermaid,STI,Done,Project Work: T&M Billable,,,54,136,True,True
271,0,1000,906,Team Meetings,,1673369862000,open,1,60,https://eu.actitime.com/stl-tech/tasks/tasklist.do?taskId=906,BHM-2100-Delta-G Gravity Gradiometer,Delta G,New,Project Work: T&M Billable,,,65,122,False,False
272,0,1000,907,Project Bring Up,,1673518366000,open,1,60,https://eu.actitime.com/stl-tech/tasks/tasklist.do?taskId=907,BHM-2100-Delta-G Gravity Gradiometer,Delta G,New,Project Work: T&M Billable,,,65,122,False,False
273,0,1000,908,Hardware Support,,1674138210000,completed,2,60,https://eu.actitime.com/stl-tech/tasks/tasklist.do?taskId=908,STI-3132-Surestop Hardware Support,STI,Done,Project Work: T&M Billable,,,54,137,True,True
274,0,1000,909,Project Management,,1674138210000,completed,2,60,https://eu.actitime.com/stl-tech/tasks/tasklist.do?taskId=909,STI-3132-Surestop Hardware Support,STI,Done,Project Work: T&M Billable,,,54,137,True,True
275,0,1000,910,Project Management,,1674581553000,open,1,60,https://eu.actitime.com/stl-tech/tasks/tasklist.do?taskId=910,BTM-3096-Sports Telemetry System,Boom Time,New,Project Work: T&M Billable,,,61,138,True,True
276,0,1000,911,Technical Management,,1674581553000,open,1,60,https://eu.actitime.com/stl-tech/tasks/tasklist.do?taskId=911,BTM-3096-Sports Telemetry System,Boom Time,New,Project Work: T&M Billable,,,61,138,True,True
277,0,1000,912,System Design,,1674650844000,open,1,60,https://eu.actitime.com/stl-tech/tasks/tasklist.do?taskId=912,BTM-3096-Sports Telemetry System,Boom Time,New,Project Work: T&M Billable,,,61,138,True,True
278,0,1000,913,Component Research,,1674650854000,open,1,60,https://eu.actitime.com/stl-tech/tasks/tasklist.do?taskId=913,BTM-3096-Sports Telemetry System,Boom Time,New,Project Work: T&M Billable,,,61,138,True,True
279,0,1000,914,Project Introduction,,1674650876000,open,1,60,https://eu.actitime.com/stl-tech/tasks/tasklist.do?taskId=914,BTM-3096-Sports Telemetry System,Boom Time,New,Project Work: T&M Billable,,,61,138,True,True
280,0,1000,915,WP1: Project Set Up,,1674756190000,open,1,60,https://eu.actitime.com/stl-tech/tasks/tasklist.do?taskId=915,BTH-3118-Aerogel,University of Bath,New,Project Work: T&M Billable,,,57,139,False,False
281,0,1000,916,WP1: Project Management,,1674756190000,open,1,60,https://eu.actitime.com/stl-tech/tasks/tasklist.do?taskId=916,BTH-3118-Aerogel,University of Bath,New,Project Work: T&M Billable,,,57,139,False,False
282,0,1000,918,WP2: System Design and Requirements Capture,,1674756238000,open,1,60,https://eu.actitime.com/stl-tech/tasks/tasklist.do?taskId=918,BTH-3118-Aerogel,University of Bath,New,Project Work: T&M Billable,,,57,139,False,False
283,0,1000,919,Project Management,,1675764947000,completed,2,60,https://eu.actitime.com/stl-tech/tasks/tasklist.do?taskId=919,BTP-3131-Control PCB Development,BiotIP,Done,Project Work: T&M Billable,,,63,140,True,True
284,0,1000,920,Technical Management,,1675764947000,completed,2,60,https://eu.actitime.com/stl-tech/tasks/tasklist.do?taskId=920,BTP-3131-Control PCB Development,BiotIP,Done,Project Work: T&M Billable,,,63,140,True,True
285,0,1000,921,Requirements and Architecture Update,,1675764947000,completed,2,60,https://eu.actitime.com/stl-tech/tasks/tasklist.do?taskId=921,BTP-3131-Control PCB Development,BiotIP,Done,Project Work: T&M Billable,,,63,140,True,True
286,0,1000,922,Libraries,,1675764947000,completed,2,60,https://eu.actitime.com/stl-tech/tasks/tasklist.do?taskId=922,BTP-3131-Control PCB Development,BiotIP,Done,Project Work: T&M Billable,,,63,140,True,True
287,0,1000,923,Schematic,,1675764947000,completed,2,60,https://eu.actitime.com/stl-tech/tasks/tasklist.do?taskId=923,BTP-3131-Control PCB Development,BiotIP,Done,Project Work: T&M Billable,,,63,140,True,True
288,0,1000,924,Layout & Manufacturing Package,,1675764947000,completed,2,60,https://eu.actitime.com/stl-tech/tasks/tasklist.do?taskId=924,BTP-3131-Control PCB Development,BiotIP,Done,Project Work: T&M Billable,,,63,140,True,True
289,0,1000,925,Manufacturing,,1675764947000,completed,2,60,https://eu.actitime.com/stl-tech/tasks/tasklist.do?taskId=925,BTP-3131-Control PCB Development,BiotIP,Done,Project Work: T&M Billable,,,63,140,True,True
290,0,1000,926,Bring-Up,,1675764947000,completed,2,60,https://eu.actitime.com/stl-tech/tasks/tasklist.do?taskId=926,BTP-3131-Control PCB Development,BiotIP,Done,Project Work: T&M Billable,,,63,140,True,True
291,0,1000,927,Test,,1675764947000,completed,2,60,https://eu.actitime.com/stl-tech/tasks/tasklist.do?taskId=927,BTP-3131-Control PCB Development,BiotIP,Done,Project Work: T&M Billable,,,63,140,True,True
292,0,1000,928,Electronics Research,,1676279961000,open,1,60,https://eu.actitime.com/stl-tech/tasks/tasklist.do?taskId=928,BHM-2100-Delta-G Gravity Gradiometer,Delta G,New,Project Work: T&M Billable,,,65,122,False,False
293,0,1000,929,Electronics Design,,1676279973000,completed,2,60,https://eu.actitime.com/stl-tech/tasks/tasklist.do?taskId=929,BHM-2100-Delta-G Gravity Gradiometer,Delta G,Done,Project Work: T&M Billable,,,65,122,False,False
294,0,1000,930,Software Development,,1676307102000,open,4,60,https://eu.actitime.com/stl-tech/tasks/tasklist.do?taskId=930,BTM-3096-Sports Telemetry System,Boom Time,In Progress,Project Work: T&M Billable,,,61,138,True,True
295,0,1000,931,WP 3: FeasibilityNozzle,,1676460101000,open,1,60,https://eu.actitime.com/stl-tech/tasks/tasklist.do?taskId=931,BTH-3118-Aerogel,University of Bath,New,Project Work: T&M Billable,,,57,139,False,False
296,0,1000,932,WP 4: Feasibility Mixing,,1676460117000,open,1,60,https://eu.actitime.com/stl-tech/tasks/tasklist.do?taskId=932,BTH-3118-Aerogel,University of Bath,New,Project Work: T&M Billable,,,57,139,False,False
297,0,1000,933,Invivo Follow On Work,,1676566725000,open,1,62,https://eu.actitime.com/stl-tech/tasks/tasklist.do?taskId=933,New Business Development (NBD),STL,New,NBD: Non-Billable,,,30,58,True,True
298,0,1000,934,Requirements Management,,1676647233000,open,1,60,https://eu.actitime.com/stl-tech/tasks/tasklist.do?taskId=934,STI-3135-Surestop Peripheral Management,STI,New,Project Work: T&M Billable,,,54,141,True,True
299,0,1000,935,Task Set Up,,1676647233000,open,1,60,https://eu.actitime.com/stl-tech/tasks/tasklist.do?taskId=935,STI-3135-Surestop Peripheral Management,STI,New,Project Work: T&M Billable,,,54,141,True,True
300,0,1000,936,Project Management,,1676647233000,open,1,60,https://eu.actitime.com/stl-tech/tasks/tasklist.do?taskId=936,STI-3135-Surestop Peripheral Management,STI,New,Project Work: T&M Billable,,,54,141,True,True
301,0,1000,937,Board Management Meetings,,1677163216000,open,1,57,https://eu.actitime.com/stl-tech/tasks/tasklist.do?taskId=937,Company Management and Administration,STL,New,Business Management: Non-billable,,,30,142,True,True
302,0,1000,938,Strategic Planning,,1677163216000,open,1,57,https://eu.actitime.com/stl-tech/tasks/tasklist.do?taskId=938,Company Management and Administration,STL,New,Business Management: Non-billable,,,30,142,True,True
303,0,1000,939,Resource Forecasting and Reporting,,1677163216000,open,1,57,https://eu.actitime.com/stl-tech/tasks/tasklist.do?taskId=939,Company Management and Administration,STL,New,Business Management: Non-billable,,,30,142,True,True
304,0,1000,940,Travel (Internal),,1677163248000,open,1,57,https://eu.actitime.com/stl-tech/tasks/tasklist.do?taskId=940,Company Management and Administration,STL,New,Business Management: Non-billable,,,30,142,True,True
305,0,1000,941,One to One and Team Meetings,,1677163265000,open,1,57,https://eu.actitime.com/stl-tech/tasks/tasklist.do?taskId=941,Company Management and Administration,STL,New,Business Management: Non-billable,,,30,142,True,True
306,0,1000,942,Process/Policy Development,,1677163281000,open,1,57,https://eu.actitime.com/stl-tech/tasks/tasklist.do?taskId=942,Company Management and Administration,STL,New,Business Management: Non-billable,,,30,142,True,True
307,0,1000,943,Town Hall and Company Presentations,,1677163302000,open,1,57,https://eu.actitime.com/stl-tech/tasks/tasklist.do?taskId=943,Company Management and Administration,STL,New,Business Management: Non-billable,,,30,142,True,True
308,0,1000,944,Server and Network Management,,1677163388000,open,1,57,https://eu.actitime.com/stl-tech/tasks/tasklist.do?taskId=944,IT and Office Management,STL,New,Business Management: Non-billable,,,30,143,True,True
309,0,1000,945,General Office and IT Administration,,1677163388000,open,1,57,https://eu.actitime.com/stl-tech/tasks/tasklist.do?taskId=945,IT and Office Management,STL,New,Business Management: Non-billable,,,30,143,True,True
310,0,1000,946,License and Permission Management,,1677163388000,open,1,57,https://eu.actitime.com/stl-tech/tasks/tasklist.do?taskId=946,IT and Office Management,STL,New,Business Management: Non-billable,,,30,143,True,True
311,0,1000,947,System and Tool Management,,1677163388000,open,1,57,https://eu.actitime.com/stl-tech/tasks/tasklist.do?taskId=947,IT and Office Management,STL,New,Business Management: Non-billable,,,30,143,True,True
312,0,1000,948,Celestial Technical Management,,1677163471000,open,1,62,https://eu.actitime.com/stl-tech/tasks/tasklist.do?taskId=948,New Business Development (NBD),STL,New,NBD: Non-Billable,,,30,58,True,True
313,0,1000,949,Interviews,,1677163532000,open,1,57,https://eu.actitime.com/stl-tech/tasks/tasklist.do?taskId=949,Recruitment,STL,New,Business Management: Non-billable,,,30,144,True,True
314,0,1000,950,Candidate Management and Review,,1677163532000,open,1,57,https://eu.actitime.com/stl-tech/tasks/tasklist.do?taskId=950,Recruitment,STL,New,Business Management: Non-billable,,,30,144,True,True
315,0,1000,951,Contract Preperation and Negotiation,,1677163532000,open,1,57,https://eu.actitime.com/stl-tech/tasks/tasklist.do?taskId=951,Recruitment,STL,New,Business Management: Non-billable,,,30,144,True,True
316,0,1000,952,Inductions,,1677163574000,open,1,57,https://eu.actitime.com/stl-tech/tasks/tasklist.do?taskId=952,Onboarding and HR,STL,New,Business Management: Non-billable,,,30,145,True,True
317,0,1000,953,Onboarding Process,,1677163574000,open,1,57,https://eu.actitime.com/stl-tech/tasks/tasklist.do?taskId=953,Onboarding and HR,STL,New,Business Management: Non-billable,,,30,145,True,True
318,0,1000,954,System and Tool Set Up,,1677163574000,open,1,57,https://eu.actitime.com/stl-tech/tasks/tasklist.do?taskId=954,Onboarding and HR,STL,New,Business Management: Non-billable,,,30,145,True,True
319,0,1000,955,Website Design and Administration,,1677163641000,open,1,57,https://eu.actitime.com/stl-tech/tasks/tasklist.do?taskId=955,Marketing and Events,STL,New,Business Management: Non-billable,,,30,146,True,True
320,0,1000,956,Social Media,,1677163641000,open,1,57,https://eu.actitime.com/stl-tech/tasks/tasklist.do?taskId=956,Marketing and Events,STL,New,Business Management: Non-billable,,,30,146,True,True
321,0,1000,957,Case Studies,,1677163641000,open,1,57,https://eu.actitime.com/stl-tech/tasks/tasklist.do?taskId=957,Marketing and Events,STL,New,Business Management: Non-billable,,,30,146,True,True
322,0,1000,958,Marketing Meetings,,1677163641000,open,1,57,https://eu.actitime.com/stl-tech/tasks/tasklist.do?taskId=958,Marketing and Events,STL,New,Business Management: Non-billable,,,30,146,True,True
323,0,1000,959,Events and Trade Shows,,1677163641000,open,1,57,https://eu.actitime.com/stl-tech/tasks/tasklist.do?taskId=959,Marketing and Events,STL,New,Business Management: Non-billable,,,30,146,True,True
324,0,1000,960,Research,,1677163684000,open,1,69,https://eu.actitime.com/stl-tech/tasks/tasklist.do?taskId=960,Training and Personal Development,STL,New,Training and Personnel Development: Non-Billable,,,30,147,True,True
325,0,1000,961,Training,,1677163684000,open,1,69,https://eu.actitime.com/stl-tech/tasks/tasklist.do?taskId=961,Training and Personal Development,STL,New,Training and Personnel Development: Non-Billable,,,30,147,True,True
326,0,1000,962,PDR Meetings,,1677163684000,open,1,69,https://eu.actitime.com/stl-tech/tasks/tasklist.do?taskId=962,Training and Personal Development,STL,New,Training and Personnel Development: Non-Billable,,,30,147,True,True
327,0,1000,963,PDR Management,,1677163684000,open,1,69,https://eu.actitime.com/stl-tech/tasks/tasklist.do?taskId=963,Training and Personal Development,STL,New,Training and Personnel Development: Non-Billable,,,30,147,True,True
328,0,1000,964,Early Stage Client Meetings,,1677164157000,open,1,62,https://eu.actitime.com/stl-tech/tasks/tasklist.do?taskId=964,New Business Development (NBD),STL,New,NBD: Non-Billable,,,30,58,True,True
329,0,1000,965,Financial Planning,,1677257664000,open,1,57,https://eu.actitime.com/stl-tech/tasks/tasklist.do?taskId=965,Company Management and Administration,STL,New,Business Management: Non-billable,,,30,142,True,True
330,0,1000,967,Harmony Data Logger UI,,1678092040000,open,1,62,https://eu.actitime.com/stl-tech/tasks/tasklist.do?taskId=967,New Business Development (NBD),STL,New,NBD: Non-Billable,,,30,58,True,True
331,0,1000,968,STI Newt Firmware,,1678360307000,open,1,62,https://eu.actitime.com/stl-tech/tasks/tasklist.do?taskId=968,New Business Development (NBD),STL,New,NBD: Non-Billable,,,30,58,True,True
332,0,1000,969,Project Set Up,,1679059883000,completed,2,60,https://eu.actitime.com/stl-tech/tasks/tasklist.do?taskId=969,CLT-0001-Technical Management,Celestial,Done,Project Work: T&M Billable,,,68,149,False,False
333,0,1000,970,Project Management,,1679059883000,completed,2,60,https://eu.actitime.com/stl-tech/tasks/tasklist.do?taskId=970,CLT-0001-Technical Management,Celestial,Done,Project Work: T&M Billable,,,68,149,False,False
334,0,1000,971,Travel,,1679059883000,completed,2,60,https://eu.actitime.com/stl-tech/tasks/tasklist.do?taskId=971,CLT-0001-Technical Management,Celestial,Done,Project Work: T&M Billable,,,68,149,False,False
335,0,1000,972,Technical Management,,1679059883000,completed,2,60,https://eu.actitime.com/stl-tech/tasks/tasklist.do?taskId=972,CLT-0001-Technical Management,Celestial,Done,Project Work: T&M Billable,,,68,149,False,False
336,0,1000,973,System Architecture and Requirements,,1679582827000,completed,2,60,https://eu.actitime.com/stl-tech/tasks/tasklist.do?taskId=973,BHM-0003-IAA,University of Birmingham,Done,Project Work: T&M Billable,,,62,148,False,False
337,0,1000,974,Travel,,1680267062000,open,1,60,https://eu.actitime.com/stl-tech/tasks/tasklist.do?taskId=974,BHM-2100-Delta-G Gravity Gradiometer,Delta G,New,Project Work: T&M Billable,,,65,122,False,False
338,0,1000,975,On Site Meetings,,1680267074000,open,1,60,https://eu.actitime.com/stl-tech/tasks/tasklist.do?taskId=975,BHM-2100-Delta-G Gravity Gradiometer,Delta G,New,Project Work: T&M Billable,,,65,122,False,False
339,0,1000,976,Delta g PNT,,1681229147000,open,1,62,https://eu.actitime.com/stl-tech/tasks/tasklist.do?taskId=976,New Business Development (NBD),STL,New,NBD: Non-Billable,,,30,58,True,True
340,0,1000,977,Control board Development,,1682692957000,open,1,60,https://eu.actitime.com/stl-tech/tasks/tasklist.do?taskId=977,BTM-3096-Sports Telemetry System,Boom Time,New,Project Work: T&M Billable,,,61,138,True,True
341,0,1000,978,General Development,,1682692973000,open,1,60,https://eu.actitime.com/stl-tech/tasks/tasklist.do?taskId=978,BTM-3096-Sports Telemetry System,Boom Time,New,Project Work: T&M Billable,,,61,138,True,True
342,0,1000,979,BAE Venture Building,Activities to analyse and explore the business case for BAE technologies and a proposal for work.,1683017647000,open,1,62,https://eu.actitime.com/stl-tech/tasks/tasklist.do?taskId=979,New Business Development (NBD),STL,New,NBD: Non-Billable,,,30,58,True,True
343,0,1000,980,Control Board,,1683099724000,open,1,60,https://eu.actitime.com/stl-tech/tasks/tasklist.do?taskId=980,BHM-2100-Delta-G Gravity Gradiometer,Delta G,New,Project Work: T&M Billable,,,65,122,False,False
344,0,1000,981,System Board,,1683099735000,open,1,60,https://eu.actitime.com/stl-tech/tasks/tasklist.do?taskId=981,BHM-2100-Delta-G Gravity Gradiometer,Delta G,New,Project Work: T&M Billable,,,65,122,False,False
345,0,1000,982,Photodiode Board,,1683099744000,open,1,60,https://eu.actitime.com/stl-tech/tasks/tasklist.do?taskId=982,BHM-2100-Delta-G Gravity Gradiometer,Delta G,New,Project Work: T&M Billable,,,65,122,False,False
346,0,1000,983,Software Development,,1683108356000,open,4,60,https://eu.actitime.com/stl-tech/tasks/tasklist.do?taskId=983,BHM-2100-Delta-G Gravity Gradiometer,Delta G,In Progress,Project Work: T&M Billable,,,65,122,False,False
347,0,1000,984,FuelChip/Uni of Bath Venture Building,"Activities to analyse and explore the business case for Fuelchip, using venture build process.",1683633166000,open,1,62,https://eu.actitime.com/stl-tech/tasks/tasklist.do?taskId=984,New Business Development (NBD),STL,New,NBD: Non-Billable,,,30,58,True,True
348,0,1000,985,NCC Venture Building,Activities to analyse and explore the business case for an NCC technology and determine next steps for venture building.,1683633421000,open,1,62,https://eu.actitime.com/stl-tech/tasks/tasklist.do?taskId=985,New Business Development (NBD),STL,New,NBD: Non-Billable,,,30,58,True,True
349,0,1000,986,Mechanical Development,,1684329839000,open,1,60,https://eu.actitime.com/stl-tech/tasks/tasklist.do?taskId=986,BTM-3096-Sports Telemetry System,Boom Time,New,Project Work: T&M Billable,,,61,138,True,True
350,0,1000,987,TWI Venture Building,,1684752228000,open,1,62,https://eu.actitime.com/stl-tech/tasks/tasklist.do?taskId=987,New Business Development (NBD),STL,New,NBD: Non-Billable,,,30,58,True,True
351,0,1000,988,Technical Research and Development,,1684761020000,completed,2,60,https://eu.actitime.com/stl-tech/tasks/tasklist.do?taskId=988,CLT-0001-Technical Management,Celestial,Done,Project Work: T&M Billable,,,68,149,False,False
352,0,1000,989,ChargerBill,,1686070223000,open,1,62,https://eu.actitime.com/stl-tech/tasks/tasklist.do?taskId=989,New Business Development (NBD),STL,New,NBD: Non-Billable,,,30,58,True,True
353,0,1000,990,DLG-0002: B Model/Quantum Catalyst Bid,,1686828231000,open,1,62,https://eu.actitime.com/stl-tech/tasks/tasklist.do?taskId=990,New Business Development (NBD),STL,New,NBD: Non-Billable,,,30,58,True,True
354,0,1000,991,Delta g Quantum Catalyst,,1686929744000,completed,2,62,https://eu.actitime.com/stl-tech/tasks/tasklist.do?taskId=991,New Business Development (NBD),STL,Done,NBD: Non-Billable,,,30,58,True,True
355,0,1000,992,Project Management,,1688413383000,open,1,60,https://eu.actitime.com/stl-tech/tasks/tasklist.do?taskId=992,QLM-0005-Software Support,QLM,New,Project Work: T&M Billable,,,33,150,False,False
356,0,1000,993,Technical Management,,1688413383000,open,1,60,https://eu.actitime.com/stl-tech/tasks/tasklist.do?taskId=993,QLM-0005-Software Support,QLM,New,Project Work: T&M Billable,,,33,150,False,False
357,0,1000,994,Software Design and Development,,1688413383000,open,4,60,https://eu.actitime.com/stl-tech/tasks/tasklist.do?taskId=994,QLM-0005-Software Support,QLM,In Progress,Project Work: T&M Billable,,,33,150,False,False
358,0,1000,995,Software Integration,,1688413383000,open,4,60,https://eu.actitime.com/stl-tech/tasks/tasklist.do?taskId=995,QLM-0005-Software Support,QLM,In Progress,Project Work: T&M Billable,,,33,150,False,False
359,0,1000,996,Software Testing,,1688413383000,open,4,60,https://eu.actitime.com/stl-tech/tasks/tasklist.do?taskId=996,QLM-0005-Software Support,QLM,In Progress,Project Work: T&M Billable,,,33,150,False,False
360,0,1000,997,Project Management,,1688413480000,open,1,60,https://eu.actitime.com/stl-tech/tasks/tasklist.do?taskId=997,QLM-0006-Hardware Support,QLM,New,Project Work: T&M Billable,,,33,151,False,False
361,0,1000,998,Technical Management,,1688413480000,open,1,60,https://eu.actitime.com/stl-tech/tasks/tasklist.do?taskId=998,QLM-0006-Hardware Support,QLM,New,Project Work: T&M Billable,,,33,151,False,False
362,0,1000,999,Hardware Design and Development,,1688413480000,open,1,60,https://eu.actitime.com/stl-tech/tasks/tasklist.do?taskId=999,QLM-0006-Hardware Support,QLM,New,Project Work: T&M Billable,,,33,151,False,False
363,0,1000,1000,Hardware Integration,,1688413480000,open,1,60,https://eu.actitime.com/stl-tech/tasks/tasklist.do?taskId=1000,QLM-0006-Hardware Support,QLM,New,Project Work: T&M Billable,,,33,151,False,False
364,0,1000,1001,Hardware Test,,1688413480000,open,1,60,https://eu.actitime.com/stl-tech/tasks/tasklist.do?taskId=1001,QLM-0006-Hardware Support,QLM,New,Project Work: T&M Billable,,,33,151,False,False
365,0,1000,1002,Lab Management,,1688458515000,open,1,57,https://eu.actitime.com/stl-tech/tasks/tasklist.do?taskId=1002,IT and Office Management,STL,New,Business Management: Non-billable,,,30,143,True,True
366,0,1000,1003,Health and Safety,,1688458540000,open,1,57,https://eu.actitime.com/stl-tech/tasks/tasklist.do?taskId=1003,IT and Office Management,STL,New,Business Management: Non-billable,,,30,143,True,True
367,0,1000,1004,Venture Building Offering Research,,1688567289000,open,1,57,https://eu.actitime.com/stl-tech/tasks/tasklist.do?taskId=1004,R&D for new Products and Services,STL,New,Business Management: Non-billable,,,30,152,True,True
368,0,1000,1005,Manufacturing Offering Research,,1688567289000,open,1,57,https://eu.actitime.com/stl-tech/tasks/tasklist.do?taskId=1005,R&D for new Products and Services,STL,New,Business Management: Non-billable,,,30,152,True,True
369,0,1000,1006,Project Management (1),,1689335802000,completed,2,60,https://eu.actitime.com/stl-tech/tasks/tasklist.do?taskId=1006,CLT-0007 - Drone Platform Development,Celestial,Done,Project Work: T&M Billable,,,68,155,False,False
370,0,1000,1007,Technical Management (1),,1689335802000,completed,2,60,https://eu.actitime.com/stl-tech/tasks/tasklist.do?taskId=1007,CLT-0007 - Drone Platform Development,Celestial,Done,Project Work: T&M Billable,,,68,155,False,False
371,0,1000,1008,Research (1),,1689335802000,completed,2,60,https://eu.actitime.com/stl-tech/tasks/tasklist.do?taskId=1008,CLT-0007 - Drone Platform Development,Celestial,Done,Project Work: T&M Billable,,,68,155,False,False
372,0,1000,1010,CLT-0005: Proposal Work,,1689613395000,open,1,2,https://eu.actitime.com/stl-tech/tasks/tasklist.do?taskId=1010,New Business Development (NBD),STL,New,non-billable,,,30,58,True,True
373,0,1000,1011,Celestial,,1689954613000,open,1,62,https://eu.actitime.com/stl-tech/tasks/tasklist.do?taskId=1011,New Business Development (NBD),STL,New,NBD: Non-Billable,,,30,58,True,True
374,0,1000,1012,Wave Photonics,,1690551075000,open,1,62,https://eu.actitime.com/stl-tech/tasks/tasklist.do?taskId=1012,New Business Development (NBD),STL,New,NBD: Non-Billable,,,30,58,True,True
375,0,1000,1013,Project Management,,1692776018000,open,1,60,https://eu.actitime.com/stl-tech/tasks/tasklist.do?taskId=1013,DLG-0004-B Model Development,Delta G,New,Project Work: T&M Billable,,,65,154,False,False
376,0,1000,1014,Requirements Capture and Review,,1692776018000,open,1,60,https://eu.actitime.com/stl-tech/tasks/tasklist.do?taskId=1014,DLG-0004-B Model Development,Delta G,New,Project Work: T&M Billable,,,65,154,False,False
377,0,1000,1015,Haydale Data Reader,,1692891498000,open,1,62,https://eu.actitime.com/stl-tech/tasks/tasklist.do?taskId=1015,New Business Development (NBD),STL,New,NBD: Non-Billable,,,30,58,True,True
378,0,1000,1016,Travel,,1694097116000,open,1,60,https://eu.actitime.com/stl-tech/tasks/tasklist.do?taskId=1016,BTM-3096-Sports Telemetry System,Boom Time,New,Project Work: T&M Billable,,,61,138,True,True
379,0,1000,1017,Boomtime Timing System and Post Product Developed,,1694794365000,open,1,57,https://eu.actitime.com/stl-tech/tasks/tasklist.do?taskId=1017,New Business Development (NBD),STL,New,Business Management: Non-billable,,,30,58,True,True
380,0,1000,1018,Project Management,,1696251578000,completed,2,60,https://eu.actitime.com/stl-tech/tasks/tasklist.do?taskId=1018,CLT-0007 - Drone Platform Development,Celestial,Done,Project Work: T&M Billable,,,68,155,False,False
381,0,1000,1019,Research,,1696251578000,completed,2,60,https://eu.actitime.com/stl-tech/tasks/tasklist.do?taskId=1019,CLT-0007 - Drone Platform Development,Celestial,Done,Project Work: T&M Billable,,,68,155,False,False
382,0,1000,1020,Technical Management,,1696251578000,completed,2,60,https://eu.actitime.com/stl-tech/tasks/tasklist.do?taskId=1020,CLT-0007 - Drone Platform Development,Celestial,Done,Project Work: T&M Billable,,,68,155,False,False
383,0,1000,1021,Technical Research and Development,,1696251578000,completed,2,60,https://eu.actitime.com/stl-tech/tasks/tasklist.do?taskId=1021,CLT-0007 - Drone Platform Development,Celestial,Done,Project Work: T&M Billable,,,68,155,False,False
384,0,1000,1022,Travel,,1696251578000,completed,2,60,https://eu.actitime.com/stl-tech/tasks/tasklist.do?taskId=1022,CLT-0007 - Drone Platform Development,Celestial,Done,Project Work: T&M Billable,,,68,155,False,False
385,0,1000,1023,Aramco Venture Build,,1698079700000,open,1,62,https://eu.actitime.com/stl-tech/tasks/tasklist.do?taskId=1023,New Business Development (NBD),STL,New,NBD: Non-Billable,,,30,58,True,True
386,0,1000,1024,LED Payload development,,1699352149000,completed,2,60,https://eu.actitime.com/stl-tech/tasks/tasklist.do?taskId=1024,CLT-0007 - Drone Platform Development,Celestial,Done,Project Work: T&M Billable,,,68,155,False,False
387,0,1000,1025,Flight Controller development,,1699352171000,completed,2,60,https://eu.actitime.com/stl-tech/tasks/tasklist.do?taskId=1025,CLT-0007 - Drone Platform Development,Celestial,Done,Project Work: T&M Billable,,,68,155,False,False
388,0,1000,1026,Base station and case development,,1699352187000,completed,2,60,https://eu.actitime.com/stl-tech/tasks/tasklist.do?taskId=1026,CLT-0007 - Drone Platform Development,Celestial,Done,Project Work: T&M Billable,,,68,155,False,False
389,0,1000,1027,Manufacturing Support,,1699352228000,completed,2,60,https://eu.actitime.com/stl-tech/tasks/tasklist.do?taskId=1027,CLT-0007 - Drone Platform Development,Celestial,Done,Project Work: T&M Billable,,,68,155,False,False
390,0,1000,1028,Component Selection,,1699352306000,completed,2,60,https://eu.actitime.com/stl-tech/tasks/tasklist.do?taskId=1028,CLT-0007 - Drone Platform Development,Celestial,Done,Project Work: T&M Billable,,,68,155,False,False
391,0,1000,1029,Information Gathering,,1699447921000,open,1,60,https://eu.actitime.com/stl-tech/tasks/tasklist.do?taskId=1029,BAE-0001 - Commercial Analysis and Venture Building,BAE Systems,New,Project Work: T&M Billable,,,69,156,False,False
392,0,1000,1030,Analysis,,1699447921000,open,1,60,https://eu.actitime.com/stl-tech/tasks/tasklist.do?taskId=1030,BAE-0001 - Commercial Analysis and Venture Building,BAE Systems,New,Project Work: T&M Billable,,,69,156,False,False
393,0,1000,1031,Report Writitng,,1699447921000,open,1,60,https://eu.actitime.com/stl-tech/tasks/tasklist.do?taskId=1031,BAE-0001 - Commercial Analysis and Venture Building,BAE Systems,New,Project Work: T&M Billable,,,69,156,False,False
394,0,1000,1032,System Design Document,,1701076805000,open,1,60,https://eu.actitime.com/stl-tech/tasks/tasklist.do?taskId=1032,DLG-0004-B Model Development,Delta G,New,Project Work: T&M Billable,,,65,154,False,False
395,0,1000,1033,Research,,1701096334000,open,1,60,https://eu.actitime.com/stl-tech/tasks/tasklist.do?taskId=1033,BHM-2100-Delta-G Gravity Gradiometer,Delta G,New,Project Work: T&M Billable,,,65,122,False,False
396,0,1000,1034,Boomtime,,1707237712000,open,1,57,https://eu.actitime.com/stl-tech/tasks/tasklist.do?taskId=1034,New Business Development (NBD),STL,New,Business Management: Non-billable,,,30,58,True,True
397,0,1000,1036,WP5: Mechanical Development,,1709804273000,open,1,60,https://eu.actitime.com/stl-tech/tasks/tasklist.do?taskId=1036,BTH-3118-Aerogel,University of Bath,New,Project Work: T&M Billable,,,57,139,False,False
398,0,1000,1038,WP 8: Integration with Customer Equipment,,1709804417000,open,1,60,https://eu.actitime.com/stl-tech/tasks/tasklist.do?taskId=1038,BTH-3118-Aerogel,University of Bath,New,Project Work: T&M Billable,,,57,139,False,False
399,0,1000,1040,WP 6: Software Development,,1709804470000,open,1,60,https://eu.actitime.com/stl-tech/tasks/tasklist.do?taskId=1040,BTH-3118-Aerogel,University of Bath,New,Project Work: T&M Billable,,,57,139,False,False
400,0,1000,1042,"WP 7: Integration, Test and Delivery",,1709804523000,open,1,60,https://eu.actitime.com/stl-tech/tasks/tasklist.do?taskId=1042,BTH-3118-Aerogel,University of Bath,New,Project Work: T&M Billable,,,57,139,False,False
401,0,1000,1045,Software Development,,1709899559000,open,4,60,https://eu.actitime.com/stl-tech/tasks/tasklist.do?taskId=1045,DLG-0004-B Model Development,Delta G,In Progress,Project Work: T&M Billable,,,65,154,False,False
402,0,1000,1047,Hardware Development,,1709899599000,open,1,60,https://eu.actitime.com/stl-tech/tasks/tasklist.do?taskId=1047,DLG-0004-B Model Development,Delta G,New,Project Work: T&M Billable,,,65,154,False,False
403,0,1000,1049,Mechanical Development,,1709899660000,open,1,60,https://eu.actitime.com/stl-tech/tasks/tasklist.do?taskId=1049,DLG-0004-B Model Development,Delta G,New,Project Work: T&M Billable,,,65,154,False,False
404,0,1000,1050,Volunteering_Charitable Work,,1711459652000,open,1,69,https://eu.actitime.com/stl-tech/tasks/tasklist.do?taskId=1050,Volunteering-Charitable Work,STL,New,Training and Personnel Development: Non-Billable,,,30,159,True,True
405,0,1000,1051,Microsol,,1714039349000,open,1,62,https://eu.actitime.com/stl-tech/tasks/tasklist.do?taskId=1051,New Business Development (NBD),STL,New,NBD: Non-Billable,,,30,58,True,True
406,0,1000,1052,Knorr Bremse,,1714039349000,open,1,62,https://eu.actitime.com/stl-tech/tasks/tasklist.do?taskId=1052,New Business Development (NBD),STL,New,NBD: Non-Billable,,,30,58,True,True
407,0,1000,1053,BAE Proposals,,1714040701000,open,1,62,https://eu.actitime.com/stl-tech/tasks/tasklist.do?taskId=1053,New Business Development (NBD),STL,New,NBD: Non-Billable,,,30,58,True,True
408,0,1000,1054,General Administration,,1717593736000,open,1,57,https://eu.actitime.com/stl-tech/tasks/tasklist.do?taskId=1054,Company Management and Administration,STL,New,Business Management: Non-billable,,,30,142,True,True
409,0,1000,1055,STL/Delta.g Workshop 4th June,,1718119470000,open,1,60,https://eu.actitime.com/stl-tech/tasks/tasklist.do?taskId=1055,DLG-0004-B Model Development,Delta G,New,Project Work: T&M Billable,,,65,154,False,False
